predict_data,mse,rmse,mape,smooth,skip,result_corr,shap
67.94142  56.222927 19.87147  67.7667   37.631493  8.515174 57.514175 10.11716  35.968838 30.780909 27.165113 44.446102,2070.7961,45.50600117,0.4892734,weighted6,24,-0.432624855,0
 83.11742    4.771603 -18.93898   85.07027   68.603546  24.330906  40.593292  63.47072   42.273018  38.64136   34.448555   8.791088,1321.0199,36.34583742,0.56236327,weighted6,24,0.044951563,0
75.81576  26.827263 -6.539323 73.597855 67.41673  21.430347 42.23285 14.773968 33.650078 14.240531 42.48691  31.418753,2721.1086,52.16424678,0.55163354,weighted6,24,-0.300758457,0
63.303234  21.639038   1.5059747 67.43134   38.515694  22.38498 40.453148  20.953016  42.26686   18.706457  39.41967   21.05238  ,5837.623,76.40433919,0.6888797,weighted6,24,-0.000453089,0
54.828743 42.63314  12.376603 48.464474 28.661337 36.341614 15.869186  8.428958 29.335875 20.786486 37.501156 11.213866,8209.972,90.60889404,0.75019,weighted6,24,-0.333784073,0
 29.555496   64.328964   23.307161   29.88682    14.9236355  -3.9664512 -11.342479  -13.246162   64.168      39.30894    78.05135     1.6522828,10076.7705,100.3831186,0.77836365,weighted6,24,-0.043115988,0
 62.183247   46.730785  -16.463737   51.394802   19.882193    3.7301402   7.0272865  22.995987   42.044804   44.054607   70.79842     7.973454 ,9468.418,97.30579617,0.75344366,weighted6,24,-0.068505947,0
 44.438686   57.33134   -14.565431   66.934235    1.2721695  20.836264  62.731964  -11.990262   42.51943    13.187486   73.867134  -17.604568 ,18175.729,134.8173895,0.8012236,weighted6,24,-0.047435535,0
 35.63648   40.649952  -1.634358  67.72904  -21.084272   6.038332  18.948175 -11.383422  71.21514   18.723412  66.157234 -15.049211,17221.588,131.2310477,0.84962726,weighted6,24,0.253066586,0
30.440928  26.651339   8.05149   78.75997   14.784602  23.682262  8.255248  54.254128  40.407173  29.503876  49.151398  15.3472185,12218.3545,110.5366658,0.7775345,weighted6,24,0.394198975,0
 43.80627   50.140175  -8.768471  74.42742    6.437407  10.673151  47.83795   12.528857  46.12502    9.534433  77.49218  -13.975441,1971.6051,44.40276008,0.58096725,weighted6,24,-0.014056588,0
26.423426 68.50918  25.473713 71.06615  23.331709 19.402264 31.731237  5.936696 48.186718 38.448353 42.203136 16.09556 ,5006.0483,70.75343341,0.649477,weighted6,24,-0.264045638,0
31.762867  49.777237  19.029478  66.11461   26.230507   1.6942805 26.63692    6.192785  54.16902   39.13455   45.085434  22.191141 ,20553.498,143.3649122,0.81202316,weighted6,24,0.03258751,0
 47.552082   40.563286   15.717484   67.301605  -26.68672    -5.5822515  24.854794   -2.9642677  49.966488   34.46353    47.961124   23.194244 ,41124.24,202.7911198,0.87792796,weighted6,24,-0.2732344,0
 -1.9849474  46.56636     1.1132629  79.37277    -9.712705   -3.9913461  24.361927   37.8699     65.866936   17.02071    83.36538   -33.162285 ,2769.918,52.63001015,0.69165725,weighted6,24,0.44445334,0
 39.60129   54.909695  22.13622   69.11469   29.067846  36.28376  55.53696  -19.520655  61.385376  16.012873  76.557655   6.912577,21404.033,146.3011729,0.7728153,weighted6,24,-0.131834583,0
 43.075443    1.6652335  12.8038     87.48599    13.465546  -16.982307  27.898806   58.869656   78.22104     7.0803723  56.933846   31.228813 ,8301.331,91.11164061,0.72094995,weighted6,24,0.157419189,0
68.443726  22.893297  -1.1869365 69.79425   21.506008   2.953935 17.689531  24.320194  61.46084   33.140236  67.71473   27.626915 ,11150.547,105.5961499,0.7452903,weighted6,24,-0.167751178,0
48.200516   1.1071424 -2.7526882 88.16726   15.7660675 21.175014  7.3127575 51.49373   74.831566  31.9779    52.14576   26.205042 ,7430.987,86.20317173,0.7045863,weighted6,24,0.209317562,0
 78.60589   14.644151  11.680678  39.844147  34.439346  14.067205 -19.36025   29.484821  57.77547   16.253511  91.20051   49.499573,8454.624,91.94902949,0.7097804,weighted6,24,-0.063414085,0
 42.862267   33.86135   -14.6786585  30.775871   -4.453805   11.076894   6.206368    7.479067   61.441143   33.588997   66.02626    32.787624 ,12416.917,111.4312209,0.80444545,weighted6,24,0.362859397,0
47.574265   48.616802   10.661112   72.9076      7.339595   29.036844 14.064499   -9.507289   63.090866   24.156317   79.61923     0.90299165,5144.39,71.72440405,0.6637426,weighted6,24,0.235642756,0
35.213757  38.749416   3.5345423 83.69415   16.838316  14.927162  3.6860216 52.92441   56.9807    30.8558    55.61967   21.29216  ,568.62726,23.84590653,0.62552714,weighted6,24,0.081601439,0
 76.343414   63.938183  -10.031791   91.75966    47.787296    8.420218  83.69152     0.5081342  40.726467   13.266701   55.526775    0.6560156,1402.402,37.44865789,1.0500265,weighted6,24,-0.295004913,0
 34.466866  59.45022   24.267097  60.19171   25.350985  35.488667  23.258734 -11.13356   37.223206  18.008797  57.718517  16.567423,490.2549,22.14170078,0.458253,weighted6,24,-0.295039982,0
54.297062   62.1893     -1.5633668  67.832      32.283794    3.8144376 81.85724    -0.36396214 39.61234    15.254526   47.89928    17.158651  ,7109.1074,84.31552302,0.6838494,weighted6,24,-0.048006056,0
 7.2664456 58.638584   6.5061564 78.97528   22.540243   7.7841034 29.618448   9.883651  50.557896  33.44915   39.925163  10.168126 ,9184.167,95.83405967,0.7552538,weighted6,24,0.035234044,0
35.599373 28.040358 13.172954 84.90199  61.626247 20.337652 18.726665 49.47654  59.80607  35.450073 67.19248  38.382645,2491.3943,49.91386869,0.51875895,weighted6,24,-0.055247588,0
45.374336  36.28159   19.426594  81.192184  30.571014   3.8564448 32.321     32.20966   50.717068  30.438791  38.648327  53.232285 ,6742.84,82.11479674,0.65943736,weighted6,24,-0.065304027,0
53.912727 12.469596  8.616214 92.36417  23.00071  21.060612 12.569945 46.04413  65.84995  21.217268 46.13312  40.713623,19784.342,140.6568228,0.78898215,weighted6,24,0.062517563,0
 38.502827  -14.841106    7.6496873  79.41716    27.091116   41.91132  -1.7882255  92.296585   44.196205   26.870678   46.888554   44.720894 ,7699.278,87.74552884,0.6939833,weighted6,24,-0.324233624,0
 35.62578   32.711784  19.577002  83.57793   32.38536   23.154938 -16.014662  29.14773   46.466778  44.62586   41.370888  45.018402,35202.31,187.6227827,0.8404994,weighted6,24,-0.17487481,0
41.079952 -4.584745 -7.227315 96.45822  33.9675   23.933588 20.684477 94.93047  45.82141  21.040945 34.23877  25.81935 ,10862.265,104.2221888,0.7397807,weighted6,24,0.22029048,0
 51.37237     3.8201048  24.415365   65.6667     14.985121   23.21351 -17.377214   74.206024   60.65805    24.95993    50.95727    40.123333 ,7814.1,88.3973987,0.70455986,weighted6,24,-0.450472126,0
 50.638577  -13.850744    1.2358487  86.30587    35.765984   33.930782 -22.649378   47.00994    67.95965    29.77608    51.270718   31.835182 ,12273.406,110.7854063,0.75566196,weighted6,24,-0.175595252,0
 58.15794   -13.709375   20.11884    43.793533   24.525982   12.125015  -4.2257986  48.979576   45.799286   16.437622   57.78226    68.93213  ,2626.4128,51.2485399,0.5681276,weighted6,24,-0.02938522,0
70.15091   41.973457   2.9856863 72.552986  29.761782  44.968952 20.73975   -1.1089637 25.73856   40.589718  35.301735  21.166698 ,11640.319,107.8903116,0.74285674,weighted6,24,0.005251267,0
101.26756   -5.845867 -19.345041 104.11684   58.152287  25.377203  40.044662 106.32688   28.23867   42.16878   19.059092  28.626495,1612.9926,40.16207855,0.822516,weighted6,24,-0.057026575,0
108.83593    11.315021   -4.185413   71.32562    69.91577    41.48788  35.29689    28.003721   34.567665    1.6967274  64.17482    47.660374 ,1223.6869,34.98123625,0.5187498,weighted6,24,-0.160917412,0
 72.39734   13.294814 -10.198108  45.538803   4.187841  42.417606 -14.420542  11.365259  45.2555    19.619205  74.32894   39.8216  ,2561.7097,50.61333537,0.62436813,weighted6,24,0.166431735,0
 72.25739   49.688587  23.238178  68.17074   16.69632   45.76975  42.229618 -19.958345  56.995533   7.168448  83.97631   15.388929,11173.226,105.7034795,0.7008159,weighted6,24,-0.331658971,0
 89.24309      8.643137    -0.11501934  54.44657     33.323696   6.859933   -13.333309    35.99123     43.575115    49.475765  53.59163     29.08867   ,17664.85,132.909178,0.78721493,weighted6,24,-0.215139962,0
 67.15318   33.71663  -20.532095  49.32798   11.325762   8.799934 -19.851252  36.2994    34.464615  42.347717  57.9413    39.245823,4534.4043,67.33798554,0.67799574,weighted6,24,0.010712363,0
41.380318 30.419523 20.245325 75.424866 37.6281    6.737851 16.519907 16.579855 57.975494 36.369236 48.08196  22.054956,10760.292,103.7318273,0.7472169,weighted6,24,-0.180089596,0
 5.4438332e+01  3.0173269e+01 -4.7851310e+00  6.6155830e+01 -5.4504857e+00 -6.5785982e-02  3.4564499e+01  1.7802174e+01  6.1492172e+01  1.9331940e+01  5.6456520e+01  1.4925019e+01,4081.5908,63.88732911,0.67261076,weighted6,24,0.159274363,0
25.021645  66.551056  21.953304  78.39096   29.154364  10.4615965 29.166292  -4.2401004 48.425613  38.13547   41.150047  15.533948 ,6859.6465,82.82298283,0.69585615,weighted6,24,-0.131204967,0
 3.0587200e+01  2.6395721e+01  6.4251485e+00  7.6683426e+01  2.9157476e+01 -6.4342342e-02  2.5674995e+01  3.6315277e+01  5.8907642e+01  3.9585411e+01  4.6097549e+01  7.9311996e+00,12096.54,109.9842718,0.7727516,weighted6,24,0.200888134,0
-4.2680583 37.050354  38.096302  69.659706  17.781439   3.2168484 -2.914238  29.828215  67.69736   38.36256   37.625908  13.806792 ,17463.256,132.1486128,0.8206211,weighted6,24,0.256710933,0
112.058556 -12.061239   8.0572   106.356064  47.21065   36.164516  47.852726  89.079445  23.254398  36.2181    11.124246  33.75805 ,2259.5994,47.5352434,0.56757015,weighted6,24,0.167136276,0
 73.12661   19.281042 -12.300235  50.11215   37.608208   8.979753 -23.515778  36.66813   64.32687   23.766556  83.57112   51.945103,1846.8296,42.97475526,0.5477129,weighted6,24,-0.044391637,0
 70.18973    25.588768    3.6848722  56.405643   18.839073   34.289627 -33.800938   21.45467    70.059265   26.989498   80.65522    48.359318 ,2514.6965,50.14674998,0.5423034,weighted6,24,0.011185394,0
 7.8607063e+01  2.8318493e+01  2.0751760e+01  8.1214188e+01  3.3958076e+01  4.5178116e+01  1.5081230e+01 -2.8801246e+00  6.3736607e+01 -8.1357628e-02  8.3803207e+01  2.3957548e+01,1409.5259,37.54365298,0.5289719,weighted6,24,-0.065445249,0
80.139305  30.764484   5.0947843 65.65115   41.81409   16.59163 10.321446  24.6655    45.116478  23.68682   49.05386   56.319794 ,3436.845,58.62461062,0.5905469,weighted6,24,-0.240400788,0
24.326693  51.779793  27.162205  79.109     55.014027   2.0381715 27.890219   7.331703  43.369926  40.37318   34.58916   13.244132 ,4305.5503,65.61669218,0.6535654,weighted6,24,0.381746653,0
29.556324 42.419064 25.19867  71.1731   28.753942 16.730894  8.061745 32.532417 39.65648  29.362328 40.27276  33.21387 ,6706.094,81.89074574,0.7021687,weighted6,24,-0.244198669,0
40.868465  25.93809   42.093628  74.37305   37.660618  -2.5981338  1.1706382 25.047796  62.414764  34.142487  47.79853   38.47668  ,16397.203,128.0515643,0.78185445,weighted6,24,0.31783653,0
 38.36665   13.526064   8.142486  82.394714  10.136555  25.486666 -12.10631   70.44035   43.074566  31.206758  35.39641   47.305393,18690.371,136.712732,0.80256957,weighted6,24,0.011614585,0
23.585167   38.254147   28.717802   85.18867    11.864616   -0.09192422 -8.92806    30.636137   69.10962    48.820614   54.276024   27.709728  ,19778.756,140.6369648,0.7937388,weighted6,24,-0.043113699,0
 8.688193  20.387783  11.293684  78.46498    2.299235   8.709026 -2.9722428 70.59925   68.804596  32.20169   51.774208  23.959097 ,2597.0818,50.96157167,0.6173345,weighted6,24,-0.317117359,0
 66.10152    25.371647   -2.1289923 103.42267    60.179844   25.292908  66.97842    65.15486    25.472078   29.100513   12.500772   19.9073   ,1010.3901,31.7866336,0.8493995,weighted6,24,-0.010019932,0
49.210564  41.23184   -7.870975  95.65014   48.87086   33.38863 67.50687   29.504715  29.18677    6.9235682 38.344822  11.326336 ,699.5815,26.44960268,0.6255627,weighted6,24,0.309574693,0
 46.25046    47.848675  -12.359444  107.305595   49.03729     7.2427816  90.935356   20.071365   45.000374    6.840418   49.18434   -11.737086 ,1444.5864,38.00771535,1.2236218,weighted6,24,-0.047761163,0
28.975998 65.98092  14.588199 90.51379  51.58718   8.050578 69.96605 19.639704 29.798643 22.869017 19.022394 33.676903,674.56854,25.97245738,0.6120022,weighted6,24,-0.497969738,0
14.89734   67.83677   23.258276  92.49686   38.375324   3.2432473 35.07327   12.586294  53.56099   47.945103  29.734571  33.536465 ,620.7602,24.91505956,0.5211705,weighted6,24,-0.118454997,0
 35.234493   38.326004   -4.6494427 125.71635    49.192463    8.379626  75.011734   35.71137    62.774624   24.76828    36.471558    8.331135 ,1157.453,34.02136098,0.7000515,weighted6,24,0.125407572,0
 37.56712   80.48156   28.258793 102.44123   47.885315 -12.111413  96.04426   31.900068  44.69372   26.239218  28.785297  31.419617,1342.5378,36.64065832,0.99592143,weighted6,24,0.288830102,0
20.26722   72.310455  22.143423  96.813255  65.24705   -2.7497659 90.94514   43.027645  32.388073  37.60189   13.026526  45.237232 ,1017.87305,31.90412273,0.67892534,weighted6,24,-0.10955355,0
 16.342133  59.765797  17.490509 120.38272   58.273655   8.16322  71.66422   19.98719   35.23334   33.84431   22.6126   -21.378065,1435.173,37.88367688,1.1639894,weighted6,24,0.036289213,0
 54.75569     34.443268    -2.1698437  119.435234    72.03818  17.517633    79.197586    66.806885    32.226547    44.928783  -0.88434666  10.409496  ,1414.6927,37.61240153,0.90731317,weighted6,24,-0.232423747,0
84.88659  13.857854 14.592981 84.907326 39.102177 25.336761 49.647522 32.078217 26.919046 25.984976 29.149832 39.52572 ,1832.4508,42.80713499,0.562835,weighted6,24,-0.316408111,0
54.101368   25.221441   13.169606   71.681496   27.029182   37.096664 -0.70482284 17.200457   48.22233    32.42726    64.60991    13.255676  ,1216.8212,34.88296385,0.53365356,weighted6,24,-0.022683535,0
 37.699196  42.581482  11.2397    97.29965   42.99797  -18.265577  42.700367  25.060732  55.302216  33.659744  27.83954   19.970251,811.38055,28.48474248,0.45439887,weighted6,24,-0.011811656,0
42.156128 30.273453 24.725822 81.94962  90.77437   9.868396 27.398632 34.31094  17.156433 33.03339  29.022366 36.550705,1112.9249,33.36052947,0.4979546,weighted6,24,-0.214700837,0
30.599255 21.092588 10.087886 79.97253  51.825397  6.369709 18.222382 47.53552  56.671986 31.333279 44.226192 37.589233,2527.952,50.27874207,0.569985,weighted6,24,0.205776043,0
27.99924  18.506342 12.19046  84.279526 53.997654 11.199798  5.871578 44.43914  52.947075 35.127224 43.133266 39.626915,7443.4517,86.27544065,0.6976468,weighted6,24,-0.071937828,0
63.546154  -8.920703  -4.2350087 87.90025    6.8647304 63.230816 16.32053   59.701424  34.070595   8.809435  51.549038  17.80848  ,918.5347,30.30733787,0.769382,weighted6,24,0.071719126,0
37.565548 70.22212  27.101877 77.509705 55.197453 -4.860932 59.527966 19.903637 31.240374 36.613132 28.484446 43.085064,516.2127,22.72031486,0.39401242,weighted6,24,-0.003644404,0
57.748734 35.819633 19.116209 99.670425 37.566338 41.23865  57.133163 25.969946 40.118114  9.641721 48.441265 21.233927,797.5793,28.24144622,0.5616741,weighted6,24,-0.350795286,0
 39.707546   36.347393    1.1010952  77.5015     55.57795   -22.020185  32.900257   48.267544   53.576736   35.076622   30.286299   48.67705  ,1482.1562,38.49878245,0.478524,weighted6,24,0.00683746,0
24.871752 32.3956   18.448143 76.05211  37.245167  5.572299 33.982285 46.313812 48.346943 36.297493 38.833195 24.765615,2090.3599,45.72045345,0.53998345,weighted6,24,-0.175461186,0
 8.486218  30.334372  39.024296  99.72621   60.78504   -4.9317374  5.885904  34.1386    54.211926  46.052795  24.715166  21.934717 ,1429.2745,37.8057474,0.5361065,weighted6,24,0.11750824,0
89.816444   9.8415365 -5.5488253 76.50003   23.670467  52.42536 37.782085  38.368652  44.84892    6.3783145 53.254433  43.868874 ,1008.87396,31.76277636,0.51382744,weighted6,24,-0.355955674,0
23.449753  36.393463  -1.2629964 87.31286   61.125946  -4.530808 30.232527  56.294384  41.966568  46.150158  24.722414  22.043213 ,1004.8267,31.6990019,0.5035625,weighted6,24,0.013480031,0
67.99296   33.498238  24.809292  97.05716   98.94952   38.893642 -3.0463665 26.71176   21.387444  59.015236  31.239254  45.357704 ,2472.5955,49.72519944,0.5198857,weighted6,24,-0.189760742,0
 50.816154  35.87785   22.713919  39.75613   27.283117  28.957916 -15.380409  30.597357  12.897633  38.928253  38.197147  53.956345,417.49564,20.43270995,0.5609048,weighted6,24,-0.457984537,0
10.989785  62.430115  43.479702  79.1741    40.110344  -1.4358283 57.855946  15.785635  46.474983  34.218365   5.7754173 53.66814  ,721.65094,26.86356156,0.88305306,weighted6,24,-0.147594351,0
 8.5373478e+00  7.1237526e+01  3.7937588e+01  8.8775284e+01  6.1297314e+01 -1.9048462e+01  4.3364475e+01  2.5256104e+01  2.6574917e+01  5.3953819e+01 -2.3149189e-02  3.2533569e+01,3147.9207,56.10633346,0.5770574,weighted6,24,-0.018274835,0
41.45327   35.97326   34.927937  84.32476   36.58373   24.067848  1.1568186 13.351038  36.79061   46.970257  31.216587  45.722145 ,3270.6365,57.18947871,0.57802045,weighted6,24,-0.127855364,0
36.386776  23.31356   -2.5184839 97.49266   63.827576   4.437771 13.37363   83.207985  29.233671  48.746834  31.868164  56.249092 ,8567.323,92.55983601,0.6813887,weighted6,24,0.083891271,0
47.38612    6.8697543 31.386139  85.411835  36.716652  13.178643 17.904215  49.28026   35.374916  23.109804  38.23491   63.31498  ,1775.5929,42.13778465,0.47371542,weighted6,24,-0.072817194,0
 35.36027     22.270142    -9.378571   109.2692      55.25215   0.35855645  -4.0047426   81.36109     42.79634     60.10999  28.690874    25.444384  ,1232.347,35.1048009,0.6289522,weighted6,24,0.079757577,0
14.91145   61.158703  25.056114  86.00122   44.539375  54.448193 51.37354   18.418581   1.2781893 14.141737  14.358432   4.8740983,915.773,30.26174169,0.66557485,weighted6,24,-0.506300632,0
11.3939495 39.81446   46.90683   80.79696   49.62366   -3.4847763 14.969439  24.30915   50.358788  29.067717  35.146523  52.4474   ,1975.9867,44.45207188,0.5168943,weighted6,24,-0.133051212,0
15.255894  23.738886  31.85507   86.16      43.95983   26.910196 -1.8968741 61.30712   30.198383  42.96766   20.78951   28.554415 ,1206.0636,34.72842638,0.6349414,weighted6,24,-0.356081464,0
75.39613  45.32411   8.624171 75.1576   39.01121  17.498201 43.244698 21.968296 53.07746  28.537054 35.71793  40.259647,637.089,25.24062181,0.38994348,weighted6,24,-0.268824969,0
67.74195   53.671722  -4.115458  76.457504  30.885462  14.94343 75.63248    1.7809811 42.9598     8.336449  62.11056   13.758704 ,875.15704,29.58305332,0.73807627,weighted6,24,-0.305136216,0
41.6052    61.018467   8.094015  83.88115   32.080067  15.595589 64.55353    7.6102557 41.12086   28.10957   43.82575   -3.108788 ,815.7253,28.56090476,0.59023446,weighted6,24,-0.383931497,0
28.592407  54.186512   6.911332  78.46462   46.939667  -6.535728 21.37788   26.884693  30.155575  57.55204   10.639112   9.3447075,2314.0552,48.10462738,0.6128365,weighted6,24,-0.063949172,0
 39.047726  29.372663  21.875128 136.48387   60.371243  36.49954  65.78902   66.89192   36.615578  20.767712  15.753999  17.856428,1174.4901,34.27083472,0.63874763,weighted6,24,0.059614195,0
 63.362095  41.762886 -24.601183  75.117485  41.853973  14.934926  22.122501  20.179913  29.435839  29.38747   38.34578   35.535713,623.7318,24.97462335,0.5923158,weighted6,24,-0.221663351,0
 29.707518   48.731804  -10.411622   85.18857    19.50196    38.099346  69.476036    5.1956706  39.565132   25.135073   36.759983   16.578768 ,781.9567,27.96348916,0.57613885,weighted6,24,0.025325881,0
 32.96855    56.593086    4.2645955 122.52285    46.566647   28.659813  75.68648    19.64407    44.893177   19.555025   46.825085   -1.9878999,1096.8064,33.11806752,0.5973088,weighted6,24,-0.076733712,0
 37.12431    43.625637    9.768663  126.172356   51.34242    11.441231  78.15485    38.158974   54.06699    19.102453   39.470352    1.4966999,1043.0778,32.29671437,0.6514305,weighted6,24,0.37056576,0
 25.956812  61.362377  11.051005 112.34097   53.23442    7.439338  84.89169   44.619865  36.49895   14.466353  31.682322  13.540551,947.4788,30.78114392,0.60520095,weighted6,24,0.080824202,0
 -1.0056367  47.300953   29.514816  100.898094   55.893784  -18.96733  61.995895   36.10929    41.845814   20.1142     18.118582   13.1239805,909.094,30.15118562,0.766598,weighted6,24,0.204425,0
28.771658  61.86684   26.341742  74.238396  40.679214   1.8204578 53.235477  19.85738   26.8539    26.507778  33.50212   30.04383  ,1272.8444,35.67694438,0.48421717,weighted6,24,-0.28337868,0
-39.401802   48.092587   64.339424   90.616005   39.045723    3.3769372  23.532465   46.407322   35.834522   28.211884   -2.6281435  20.297731 ,1817.3418,42.63029201,0.6550433,weighted6,24,-0.213556984,0
 22.34512    16.273882   -3.0687826 114.41028    62.946182   10.916356  25.871885   70.22308    35.61185    47.029465   10.44672     6.190384 ,1647.8163,40.59330344,0.5852002,weighted6,24,0.096975271,0
 97.25037   -3.798582   8.198754 101.27448   71.39562   15.45437  52.49845   91.274956  29.376331  38.09424    6.294877  59.981613,1359.6095,36.87288295,0.60436267,weighted6,24,-0.039675796,0
68.935005   7.680549  31.147633  45.17075   47.59857   59.592197 -0.8261589 38.863106  -2.3293605 11.352216  34.91816   41.553314 ,2821.707,53.11974239,0.58909345,weighted6,24,-0.519336336,0
 4.2253075e+01  2.3094463e+01  2.9758793e+01  5.3668621e+01  6.1819702e+01 -4.4310978e-03  5.4897490e+00  4.6887856e+01  4.2890842e+01  2.8469650e+01  4.1574661e+01  7.6498871e+01,3038.2,55.11986893,0.56920666,weighted6,24,-0.231431432,0
49.23794  17.661736 23.572662 75.75361  52.078594 23.214973 13.263011 73.715485 43.640896 17.270618 45.562847 53.413826,3047.119,55.20071464,0.53092915,weighted6,24,-0.130583099,0
  4.7250767  15.243654   13.096918   53.356594   24.174557   32.454 -13.85282    32.63972    48.211475   27.336962   58.07501    36.63883  ,560.118,23.6668118,0.4703289,weighted6,24,0.43070207,0
23.82754  51.059525  5.127232 94.38183  23.556652 29.944506 73.09626 20.94988  42.13575  16.29948  34.751896 25.314604,728.8167,26.99660555,0.48716626,weighted6,24,0.052498957,0
16.909098  61.53441   24.083786  99.39762   40.921753   6.0111494 39.3017    39.684692  22.653517  40.938976  -0.6133899 29.851316 ,977.32495,31.26219684,0.5144922,weighted6,24,0.226383431,0
  3.8206248  48.26312    23.482813  134.37392    42.3248      0.9637837  46.606598   41.636703   56.848015   41.178646   19.694817   -7.72987  ,1188.3773,34.47284902,0.555353,weighted6,24,0.503270978,0
 23.076324   65.679504   40.871246  104.700714   55.440422   -6.4344344  51.20554    52.872475   12.155595   40.248318  -14.368      34.59977  ,997.91486,31.58979038,0.56708413,weighted6,24,-0.124777746,0
 -5.1720514  43.36584    49.153942  106.528076   40.92735    19.174883   7.503245   51.009403   40.43537    36.184807    5.265509   38.629353 ,1687.193,41.07545487,0.5186892,weighted6,24,-0.139325317,0
 64.89417     4.4394674 -17.0012    137.0387     77.631775   42.429523  49.007458  106.661095   33.170128   39.52693    -1.2302855  48.267406 ,1760.7941,41.96181678,0.72745085,weighted6,24,0.17613595,0
 17.427307   32.237217   16.941898   59.378258   45.8674     -1.5229622 -16.250072   36.23917    53.373314   35.69657    46.113823   57.18445  ,512.524,22.63899262,0.67500496,weighted6,24,0.196806082,0
 6.368832 57.96357  33.2276   99.951256 54.3162   -7.092606 67.12451 50.433304 35.551014 27.859182  8.1085   39.720463,841.44476,29.00766732,0.7134617,weighted6,24,0.023115124,0
 14.960071  49.120193  58.853203 106.00237   53.690998   9.352173  42.819168  42.64806   32.74142   30.656025  11.808913  48.128216,664.29034,25.77383061,0.5197223,weighted6,24,-0.052706009,0
18.560926  52.25074   30.430752  94.03634   53.29581    2.1746356 13.773244  36.360374  30.575975  45.460075  11.772819  41.42284  ,1418.0562,37.65708635,0.57005876,weighted6,24,-0.284967706,0
12.901363  41.832684  32.25575   96.52441   35.587643  31.395699  7.7826457 24.631159  36.668     33.601585  24.639313  36.45294  ,832.7507,28.85741969,0.48430467,weighted6,24,-0.240746301,0
 2.3332648 51.47797   57.429413  99.5986    28.037521  22.492903 55.13006   13.732411  59.029533   1.1957239 45.06492   18.36057  ,1477.1227,38.43335375,0.5079308,weighted6,24,-0.033860555,0
23.923214  17.400822  41.0032    91.85839   40.76291   31.69204 -7.9591203 51.646824  31.129963  33.81168   21.104704  48.87182  ,1425.747,37.75906445,0.5237884,weighted6,24,0.051651936,0
 56.26295    -5.631144   17.288013  109.52509    82.32888    24.821531   6.248153   99.61929    37.009697   36.258842    5.4724984  80.34924  ,4382.8813,66.20333336,0.56795883,weighted6,24,0.033933159,0
 26.619303    5.436208   15.9666815  91.4499     28.604456   61.968792 -39.029507   53.77604    31.263859   30.212597   30.508398   50.801464 ,3418.8564,58.47098807,0.60912687,weighted6,24,-0.024229933,0
40.941456   31.744335    0.56831414 84.84659    25.696463   28.02442 13.025405   31.014637   43.568718   27.533728   54.475082   40.131992  ,641.0393,25.31875405,0.4785241,weighted6,24,0.113740191,0
33.773697 74.06913  27.226665 93.37512  44.47182  -4.336571 73.18203 26.838501 40.619007 23.440449 32.35589  29.23367 ,671.2708,25.90889448,0.4682474,weighted6,24,-0.011367544,0
 20.795208    59.362137    27.156824   121.07582     48.020306   1.2210958   81.41373     41.268764    36.95486     25.21272  25.577585    -0.89020395,1109.6927,33.31205111,0.5519872,weighted6,24,0.406292917,0
 19.813374   51.827724   31.83603   119.772804   55.623837   -1.3881134  75.372696   60.0892     36.273617   11.112848   15.788474   22.927814 ,963.6579,31.04283972,0.61011106,weighted6,24,0.395688598,0
-20.14838   75.10991   61.744473  96.58201   45.286068 -14.835618  56.49308   48.768944  19.414204  30.48757   -5.591661  26.676958,1231.8435,35.09762821,0.91739017,weighted6,24,-0.100123938,0
-23.603453   41.877037   62.56477   120.73899    61.35758   -10.479593  40.18052    46.303204   41.630146   37.42697    -4.8755465  32.968315 ,2122.891,46.07484252,0.6241383,weighted6,24,-0.334112709,0
 55.06254     6.3598003  24.460375  130.88696    61.917336   24.423874  44.611183   91.22119    30.020967   19.508448   -2.8797414  63.498898 ,1779.3481,42.18232028,0.5458824,weighted6,24,-0.12896813,0
 11.900476   12.49382    18.931753  121.61403    61.616734    9.488235  15.419998   89.083115   51.67048    34.486546   11.3322315  41.14094  ,1247.8903,35.32549021,0.6484696,weighted6,24,0.094825447,0
32.43054  61.48405  53.13147  78.235214 30.010843 19.070925 58.859913  4.751237 43.715218 16.942207 34.307487 52.45615 ,810.6546,28.4719968,0.38875535,weighted6,24,-0.066586553,0
37.071465  -7.055422  -4.4358644 67.8116    32.085724  28.628277 18.699318  49.611618  59.03757   -8.9545765 52.96405   50.623493 ,732.53595,27.06540134,0.5590877,weighted6,24,-0.003240449,0
15.981225 55.84328  32.334175 93.87948  40.364525 11.341141 66.111465 39.669827 30.052582 19.15728  33.318275 38.367508,525.55884,22.92507007,0.44815966,weighted6,24,-0.235511463,0
15.792096  58.240845  37.00344   98.16082   59.593685  -2.469966 13.372024  48.47172   24.174425  49.524338   6.8988366 44.862816 ,815.4253,28.55565256,0.49427536,weighted6,24,-0.139949916,0
 -4.7567654  70.558      63.35797   113.87139    24.217983    4.77773  74.220566   31.851711   32.215397   29.616629    2.5044718  35.529327 ,1097.5328,33.12903314,0.66673285,weighted6,24,0.130167382,0
 39.837322   46.90408    28.371641  117.80434    72.08809    -7.5378046  47.06812    73.77034    18.54507    12.989005    9.160524   49.450756 ,1102.4579,33.20328125,0.62748104,weighted6,24,-0.322602933,0
 12.570124    53.354065    56.315956   121.158165    40.8342  18.414864    39.522457    53.086872    37.091434    24.41834   0.15997265  41.658566  ,927.7176,30.45845679,0.4592222,weighted6,24,0.002343784,0
 15.510884   38.600933   20.135632  116.62248    72.553505   -0.6534622  34.694496   67.6535     41.313885   37.54593    20.046215   54.86145  ,1455.5023,38.15104611,0.5251625,weighted6,24,-0.126186658,0
 34.786713   8.601731  34.956738 116.586105  48.360516  21.069946  10.224182  68.03517   58.953987  28.464697  23.851158  46.69469 ,2990.5955,54.68633704,0.55734473,weighted6,24,0.046192501,0
 72.34812    8.400912   8.08785   76.70312   32.97759   46.17781 -13.700939  46.53726   19.61135   40.640358  32.355183  67.639145,957.90106,30.94997677,0.5169089,weighted6,24,-0.256486345,0
  6.7231774  31.993748   50.682816   96.05586    60.706505  -16.541958  19.760025   68.433784   47.400803   33.89986    13.470873   67.89446  ,1149.6168,33.90599978,0.5206018,weighted6,24,-0.017276083,0
 11.835136    30.464525    41.860172   134.39134     69.49833   9.249627    -0.19876981  80.24857     46.391125    28.686804  27.554972    27.653625  ,1913.7113,43.74598614,1.3736063,weighted6,24,-0.231777393,0
 76.06228    61.40411     4.4136786 113.23336    38.554718   34.568615  67.38155    34.06044    47.354996   27.010857   57.80856    33.942287 ,1102.6458,33.20611016,0.80048496,weighted6,24,-0.236447193,0
67.92355   22.187702   8.58628   75.03785   62.308346  14.877776 13.358249  21.574608  46.104057   7.7105994 64.092766  53.45492  ,854.938,29.23932264,0.5817185,weighted6,24,-0.381827628,0
26.47561   24.51409   19.786077  82.13275   37.24815   18.421452 42.22724   42.53538   42.42677   -1.0722955 48.83156   24.145067 ,486.4026,22.05453667,0.60054314,weighted6,24,-0.352826016,0
30.195683 56.96006  20.524683 95.61056  45.51519  10.51846  77.85654 42.359035 26.724224  7.953992 30.860476 29.806118,696.9187,26.39921781,0.57347506,weighted6,24,-0.090910548,0
-1.0141263e+01  6.9413467e+01  5.5813976e+01  1.1058815e+02  4.9121510e+01 -6.2145077e-02  4.6900200e+01  3.9245644e+01  3.6084698e+01  3.7386906e+01  2.5523076e+00  4.3334084e+01,986.2695,31.40492748,0.53893757,weighted6,24,0.095906544,0
  5.1806397  53.294823   59.00249   111.872574   54.295944    3.2956636  44.77196    67.99516    25.963419   25.014227   -9.542098   51.574303 ,1022.4148,31.97522158,0.6133054,weighted6,24,0.052147813,0
 -3.5360496  44.82839    50.675907  130.15303    67.59808    -8.52285  50.390907   74.90526    38.842834   31.543173   -5.768078   52.00765  ,1447.4692,38.04562049,0.53920573,weighted6,24,0.246884713,0
 -3.2133727  18.436775   42.00984   124.26316    59.71758     8.483279  28.292364   76.39817    40.57735    19.331913   -2.7721088  48.31116  ,1374.1393,37.0693847,0.6120574,weighted6,24,0.284337607,0
 16.322529   11.34913    19.158062  131.49998    64.47803    -1.3416417  17.592556   89.829926   53.42252    36.117382   18.440063   28.739689 ,1725.9388,41.54442012,0.5486534,weighted6,24,0.213690862,0
  0.63555175  42.42117     50.061577    80.250565    48.799755  -5.065198   -14.13367     47.923088    58.898594    45.49105  35.991455    61.309155  ,774.0411,27.82159371,0.64882153,weighted6,24,0.018058938,0
 -0.8644616  26.278557   50.229797  111.418365   65.887115    1.1305994  16.944859   68.307846   42.089848   34.083996    6.306063   45.93971  ,999.8741,31.62078564,0.6971491,weighted6,24,0.010276391,0
 40.07771   20.737732  24.958204  94.776054  38.266785  50.135258 -13.400016  41.10279   42.753677  23.508541  37.87185   50.191338,727.948,26.98051145,0.7818555,weighted6,24,-0.030903382,0
54.060707  37.642086   5.5404606 64.47645   37.952236  25.983604 31.886127  27.016691  53.945927  32.70474   49.403324  66.5331   ,366.18204,19.1358835,0.48696125,weighted6,24,-0.173740779,0
31.804567  49.96847    9.9580145 99.30277   31.33502   21.767153 50.55651   26.000134  48.863476  20.157284  45.51357   16.083946 ,588.7093,24.2633322,0.58101565,weighted6,24,0.080040375,0
  3.0569336  57.25846    43.02984   111.52027    58.177254   -4.8860273  39.5458     44.439312   49.303417   46.081585    8.977922   43.432194 ,817.51636,28.59224296,0.49484763,weighted6,24,0.234433677,0
  9.8597765  34.946674   39.531788  115.07771    55.218636    5.184803  36.71565    72.42804    38.252434   26.606283    8.046068   54.550934 ,895.0982,29.91819188,0.511815,weighted6,24,0.245656833,0
 -5.9709687  35.394993   44.216496  105.16454    61.060135    4.2930756  20.72921    64.12154    35.705254   30.678188    7.1986566  48.04412  ,869.9837,29.49548616,0.5541926,weighted6,24,0.117438937,0
-12.8753     40.628635   42.478985  109.590065   53.285698   -2.7754986  17.42101    74.21203    41.422516   30.11579     8.54324    46.640762 ,1137.6086,33.72845449,1.0177909,weighted6,24,0.14840343,0
 10.787587   45.458828   31.83712    92.980484   50.411686   33.8959 -15.952973   55.753967   12.097842   42.54604     5.5921845  48.21709  ,826.874,28.75541729,0.893054,weighted6,24,-0.135269083,0
-14.063601  48.09341   62.631813 107.07718   55.09499   13.585454   5.803096  55.93325   42.89313   41.50393    6.270483  58.754414,1082.152,32.89607845,0.93705535,weighted6,24,0.029964026,0
-14.081722  39.81355   71.99613  102.71253   53.758556   8.726864  21.034761  74.981705  30.55252   24.248343  -6.786321  57.76899 ,1106.9037,33.27016211,0.76514655,weighted6,24,0.123090225,0
-13.257058   24.088844   44.007668  127.617      68.51411     1.2350172  10.159433   87.39572    43.260124   38.63698    -2.6902153  47.714497 ,1777.7518,42.16339444,0.6204373,weighted6,24,0.149819741,0
  3.7136664   18.57446     51.849995   102.30705     66.292534  -7.151786     0.17835528  67.68798     39.348446    34.207397  10.682345    66.41193   ,2286.4324,47.81665372,0.55266696,weighted6,24,-0.118958371,0
 11.252874   12.843714   39.77208   133.41867    67.50131     7.728018  18.554293   94.729355   44.158146   33.015488   -1.6246008  64.057304 ,1854.4565,43.06340143,0.5861689,weighted6,24,0.215645968,0
 24.445606  41.248425  28.726898 100.819016  20.747034  36.217052  26.977058  48.614918  33.215305  28.448502  18.38308   50.837112,1279.8539,35.77504552,0.52041066,weighted6,24,-0.083420737,0
 29.884977   28.879347   42.072643  102.950485   39.708584   25.86972   0.2955687  49.44676    35.435852   32.10288    18.333675   53.562443 ,2180.265,46.69330672,0.56947434,weighted6,24,-0.232913044,0
 35.561615  16.947134  34.44581  100.13966   49.59737   23.756369  15.543621  55.185856  35.1978    37.571854  22.962563  59.338802,2754.2751,52.4811885,0.5594064,weighted6,24,-0.142677747,0
 30.881935   14.257287    1.8785224  89.86026    52.799744    5.3443604 -25.917433   94.46435    48.431366   52.845562   33.857735   74.52804  ,2334.9712,48.32153962,0.57185304,weighted6,24,-0.12933171,0
16.69262   33.443245  39.756786  91.83584   15.515434  29.256739 -4.7622046 49.89206   39.393234  32.37175   23.42975   49.032745 ,784.54205,28.00967785,0.47454098,weighted6,24,-0.136260061,0
1.9277197e+01 4.2820999e+01 2.9840855e+01 9.4876595e+01 5.7644753e+01 2.6521401e-02 2.4848930e+01 7.5079872e+01 2.6004519e+01 3.3128708e+01 1.6706778e+01 5.7027351e+01,781.7056,27.95899904,0.49705175,weighted6,24,0.017641766,0
-15.899757   54.353283   64.231636  115.916405   47.478992   -1.3323295  23.558813   50.0668     44.52171    47.853626    1.074682   37.25976  ,1248.3112,35.33144714,0.49004003,weighted6,24,0.279394665,0
-15.876157   37.51464    60.059353  105.27816    48.455498    6.7785974  15.073125   73.87714    38.09798    29.366253   -2.2346249  46.626842 ,1893.8517,43.51840627,0.5413669,weighted6,24,-0.014043368,0
  6.2891994  26.631477   39.220512  111.97051    38.974094   13.499169  -3.1253042  70.43632    43.906654   36.918674   23.228731   39.76854  ,1000.37964,31.62877865,1.2199547,weighted6,24,0.232094695,0
-1.9982264e+01  2.3800035e+01  2.9897711e+01  1.1077059e+02  5.6796768e+01  6.6593504e-01  9.8320451e-03  8.6696701e+01  5.3864655e+01  3.4264786e+01  1.2239957e+01  4.6144814e+01,1987.2218,44.57826602,3.6822188,weighted6,24,0.203191602,0
 -2.8068614  45.214817   40.485394  113.29027    56.225964    2.9376812  32.91823    62.372574   33.28941    28.549404    3.6951175  43.682972 ,1668.1855,40.84342722,3.0639431,weighted6,24,-0.1623278,0
 18.461111  37.488934  48.386925 118.82809   62.945923  14.145686  47.342552  67.17372   30.73622   30.864061  -5.568658  56.28949 ,1663.5946,40.78718677,1.9197073,weighted6,24,0.026360518,0
 13.811578   42.11688    43.887676  116.02678    50.369434   10.553002  57.71349    53.639137   36.92944    24.784197   12.6746855  36.10533  ,816.13947,28.56815474,0.6322867,weighted6,24,0.248590167,0
20.380072  20.645136  30.403479  75.71692   53.858406  23.307281 -5.3806043 74.89643   35.67813   28.12783   26.21097   65.49093  ,582.8521,24.14233029,0.5462373,weighted6,24,0.163263345,0
 0.17111002 30.81721    44.652473   96.04551    42.5363     26.480316  1.3712603  47.12092    38.565746   30.565847    7.829247   54.010857  ,697.1346,26.40330628,0.49653265,weighted6,24,0.094509826,0
-6.612219  50.206257  63.867775  94.70358   41.94423   12.175599  4.7560244 45.716938  38.495438  37.84451   15.219846  55.81531  ,752.9756,27.44040062,0.68746954,weighted6,24,0.098208861,0
 -2.4611752  35.782024   47.466274  113.192764   50.787228   11.275687  10.868892   73.548096   41.576313   32.444344    3.437734   54.33726  ,1732.8892,41.6279853,2.7819383,weighted6,24,0.194185447,0
 -9.947503   31.204641   40.0264    107.5669     61.43244    14.231708  14.063901   68.88002    34.607487   30.507385    3.1847186  51.412712 ,1718.9282,41.45995927,3.544473,weighted6,24,0.045803137,0
 16.553265   36.70404    42.13977   103.32508    56.019176   24.493855  40.045254   55.19532    19.479992   26.318201    3.9627132  60.906536 ,1386.056,37.22977344,2.2177017,weighted6,24,-0.330766128,0
 19.937527  34.75403   28.70637  108.199     64.28532   19.447447  34.464417  51.85108   40.114143  28.30764   17.667875  69.00488 ,1396.1909,37.3656382,1.7836174,weighted6,24,-0.089135922,0
 14.836556   42.16228    43.756706  111.96499    57.550762   18.730352   8.0867     54.411148   32.877453   42.394264    1.0362808  52.798866 ,1265.5443,35.57448962,1.4734031,weighted6,24,-0.063800304,0
 -3.426905   33.911705   52.23953   108.074425   72.77213    -3.2152188  16.802504   74.52127    44.58836    30.866428    7.0213265  71.892105 ,1306.9631,36.1519451,1.0674758,weighted6,24,0.001094333,0
 -7.8110604  25.07349    53.75376   110.760086   48.614395   17.041084   8.557056   62.510437   43.050957   29.156116    6.9524746  45.32507  ,876.0097,29.59746112,0.6109503,weighted6,24,0.226548227,0
  0.70901227  44.583984    56.80386    109.71972     54.955853  16.583654    19.088383    44.202553    44.300648    34.9786  26.813278    54.341995  ,821.43506,28.66068838,0.7018919,weighted6,24,-0.120044141,0
 18.83661    26.086264   45.237404  108.245476   53.256493   20.37953  10.946818   63.84373    30.720797   30.575232    6.5959444  65.64637  ,870.44366,29.50328227,0.64936167,weighted6,24,-0.155774026,0
 -0.32782492  25.612213    44.56183    100.12113     50.77522   0.9755904    4.117398    63.34299     56.09392     32.701458  25.876532    59.567307  ,1058.8937,32.54064653,1.0978562,weighted6,24,-0.173577354,0
 26.219336  18.949642  18.120861 104.549576  50.90212   16.045128  28.642958  64.005264  50.627243   9.575384  32.04336   49.146893,691.5566,26.29746337,0.5693339,weighted6,24,0.159747011,0
 29.065876  23.596426  23.177872 105.431885  58.155045  33.898613  23.663671  49.578003  37.617996  13.268706  33.62073   35.563984,679.9952,26.07671717,0.4694594,weighted6,24,-0.442781862,0
 13.131678  10.116072  32.560944  98.76994   57.49795   31.927065 -14.686592  77.3763    38.918957  31.87059   18.20798   65.09635 ,1078.6627,32.84300108,0.61777955,weighted6,24,0.007373307,0
 -1.1860683  15.540421   42.81865    97.91759    69.67232    18.043869 -15.223707   83.886375   36.528675   32.896694   15.2425     62.051    ,1375.8837,37.09290588,0.76961184,weighted6,24,-0.059528801,0
 -3.764376   21.115908   26.882898   96.86725    51.1539      4.3050623 -16.968742   69.044174   58.477737   34.610195   31.868444   54.071243 ,1319.3978,36.32351617,2.0553381,weighted6,24,0.171487401,0
 36.2424     25.820675   47.038864  110.15856    73.88031     9.619235  42.026287   75.86149    25.537235   25.180899   -0.5618082  80.44008  ,1801.291,42.44161891,1.8731117,weighted6,24,-0.333137344,0
-3.66938   32.436016  51.355057  99.480576  69.93842   -1.1030365 15.75734   76.155846  38.575768  24.060707  13.573784  72.36582  ,1675.3802,40.93140908,2.1776402,weighted6,24,-0.102657013,0
-1.7529532  44.057213   40.626564   99.10626    51.1061     22.615328  7.2595215  54.190266   24.475824   34.957302    0.25202566 51.66491   ,1149.3647,33.90228231,1.7982346,weighted6,24,-0.147222126,0
  6.390725   31.935303   57.57382   117.86073    78.4147      1.5390584  40.49516    82.15312    35.262066   26.359434  -10.982803   72.073494 ,1960.3695,44.2760602,1.8645468,weighted6,24,0.097662578,0
 14.915187   27.192572   48.434406  112.08727    51.757286   27.275871  11.873288   66.89274    39.79531    24.736828    1.8769301  65.76822  ,1287.0093,35.87491153,1.285894,weighted6,24,-0.176749107,0
 21.272911   26.068832   45.339336  122.18431    74.42239     4.942002  27.187838   86.543495   41.095985   26.853664    1.7323463  76.35375  ,1690.0563,41.11029402,1.2167201,weighted6,24,-0.096635008,0
 33.71175   34.898293  19.579689 100.0018    28.741344  29.805992  44.193752  44.22284   47.78794    8.421062  36.751137  42.195072,607.77466,24.65308618,0.52927065,weighted6,24,-0.15125055,0
17.551338 38.265327 44.952694 99.33536  46.51968  17.64711  48.912983 55.147667 34.041553 15.359238 24.700598 54.086887,581.4684,24.11365555,0.415184,weighted6,24,0.140128052,0
 -0.6475779  45.495457   52.38854   120.070816   57.763557   -1.5685991  44.266895   51.393036   50.203243   38.636353   22.543846   63.593395 ,1605.4572,40.06815635,1.7330686,weighted6,24,-0.023232896,0
  9.01867    55.041386   53.737366  104.65882    57.033615   10.7662945  17.624105   56.288136   24.130798   40.191742   -1.2739542  53.28594  ,1330.0548,36.4699165,1.6697345,weighted6,24,-0.16466855,0
  8.66689    36.215073   58.5936    103.83587    63.580887   11.817368  26.175953   61.255722   34.71609    24.926352    1.0446564  73.04102  ,1155.5162,33.99288507,1.0651174,weighted6,24,-0.092083129,0
 26.271807  17.78651   36.607704 101.48303   48.312916  32.51998  -0.637272  58.04711   41.50364   13.952515  27.838148  64.343925,1084.2709,32.92826862,1.3425299,weighted6,24,-0.258822243,0
 -1.839354   31.488495   26.39032   123.42547    56.68258     7.5643296  23.80328    64.6438     54.643875   31.2061     19.309256   37.939266 ,1479.7196,38.46712368,1.6268209,weighted6,24,0.327451346,0
 -4.0059066  34.66074    31.005749  120.89872    58.702682    1.5015205  24.98327    71.44631    47.567722   31.398993   13.792429   33.74337  ,1543.5148,39.28759054,1.808276,weighted6,24,0.32100026,0
 16.733738  41.214447  39.729572 115.68753   58.08922   10.41136  32.15826   64.33258   25.572332  22.674496  11.683505  57.95051 ,1566.1105,39.57411368,2.14764,weighted6,24,0.1637847,0
  0.4476379  42.0031     27.335808  118.81954    56.739475    8.726516  26.343931   69.33398    35.874886   33.66223     4.977386   39.09199  ,1643.901,40.54504903,2.429032,weighted6,24,-0.036368465,0
 17.419577  33.342297  29.525993 114.44903   54.102997  24.366343  34.084274  58.206947  32.271454  20.68123    9.321945  39.716167,743.7744,27.27222789,0.5122937,weighted6,24,-0.038279822,0
-10.768342  53.60024   47.099083  96.50962   48.187428  18.852499 -13.770174  41.840187  47.478687  48.6353    27.129957  53.492073,1049.9043,32.40222673,1.2162966,weighted6,24,-0.002962177,0
 -7.4245744  41.982944   71.93242   105.450066   49.989685   17.467934  27.94369    56.483356   33.534748   16.32409     5.10992    64.17237  ,1650.8447,40.63058856,2.4706242,weighted6,24,-0.249284462,0
 -0.9928569  33.10332    46.7817    122.12046    44.458702   32.48025  25.485792   50.51381    41.793365   20.181528   10.368491   52.310165 ,1545.0687,39.30736223,2.184229,weighted6,24,-0.13106047,0
 -8.209599  53.954487  56.721092 116.627464  54.012188  22.174303  29.175474  56.498493  37.465317  30.304506   6.646038  56.99724 ,1548.8907,39.35594932,1.8757043,weighted6,24,0.161181335,0
-11.716416   29.931591   44.113476  115.843575   45.257023   30.119234   4.4563904  52.967026   44.247124   26.762022   11.325438   44.129845 ,1032.6912,32.13551248,0.9517539,weighted6,24,0.07838211,0
-15.430891   43.826164   54.40778   108.97264    70.498634   -1.3464019  15.118865   82.279526   37.68475    31.288177   10.403688   63.74319  ,1289.7991,35.91377274,0.90542716,weighted6,24,0.065807673,0
 -6.7548027  33.84812    48.579037  120.12559    66.489204   -1.6820508  23.821888   84.43549    41.714073   30.155073   -2.1499856  63.98954  ,1812.0078,42.56768507,1.7888784,weighted6,24,0.145945981,0
 -1.7236415  35.065796   46.96596   105.524704   47.707436   26.031965  -0.7598959  48.773293   39.722687   37.411392    5.3823104  51.38324  ,1017.49097,31.89813422,1.218237,weighted6,24,0.036697294,0
12.943043  49.198963  34.485706  94.58672   56.025715   4.9814367  5.0563693 51.866894  27.07278   44.102932   4.401809  57.327347 ,758.50006,27.54087982,0.7889151,weighted6,24,-0.020163119,0
 -8.827625   46.024517   51.265686  131.1357     59.832207   13.647531  11.174505   60.83643    45.638203   41.92835     2.4645603  49.485943 ,1448.3822,38.05761687,0.54654986,weighted6,24,0.176372803,0
-18.022532   24.495762   45.8104     97.25997    51.432682    9.561845   6.2624087  69.03542    36.73851    25.3356      8.02653    47.585217 ,1033.2618,32.1443905,0.6143106,weighted6,24,0.110512676,0
 -2.7278075  40.98119    51.35622   101.83145    49.536037   12.865047   8.920318   49.21076    33.10096    31.540718   11.755514   46.131874 ,884.392,29.73872944,0.51398176,weighted6,24,-0.031505092,0
 -2.8014636  27.757425   54.57358   102.9447     51.733063   17.483648  -5.437609   60.570965   38.320118   31.47146    12.676773   51.64024  ,988.2421,31.43631859,0.5342575,weighted6,24,0.12952206,0
 -0.42261577  18.692663    47.66873    100.39259     52.57798  22.184734    -9.580645    66.32564     38.279476    30.773615   8.874352    54.89124   ,1417.2831,37.64682033,0.5318373,weighted6,24,-0.009354392,0
 33.62105    21.357965   15.264383  117.02583    57.974876   17.048176  -0.9572428  71.14413    41.190983   46.594868   16.894346   44.895752 ,1883.2689,43.39664642,0.55240244,weighted6,24,-0.010937267,0
 64.310104 -11.186213   5.49416   96.69177   51.87741   40.90803  25.694555  64.20455   49.689743  15.30955   18.269917  78.58351 ,2333.6292,48.30765105,0.5226221,weighted6,24,0.119597206,0
 10.01482     1.7183161  31.429386   91.413635   48.057186   43.808693 -18.494728   81.440216   51.04471    26.142498   18.027065   65.43703  ,2379.1694,48.77673045,0.56102175,weighted6,24,0.1871013,0
 34.566204  34.20185   25.664124  95.173645  55.386257  11.434801 -40.01279   61.632805  39.759857  46.93155   31.82581   48.328186,2138.0698,46.23926712,0.515052,weighted6,24,-0.106681853,0
-26.533485   14.387064   40.931217   98.87585    68.980835   -5.8647385 -13.239173   89.3583     54.299625   28.64539    20.646917   54.054153 ,1702.8632,41.26576255,0.7386155,weighted6,24,-0.157529175,0
 18.46332    10.3744545  12.812576  120.5119     53.991787   11.850692  20.644789   80.25333    58.36657     2.5984852  34.286274   50.81962  ,1265.5361,35.57437467,1.0161229,weighted6,24,0.046955901,0
 52.06508   28.865105  13.41927  119.71658   57.704338  24.456787  26.726294  58.03353   49.339977  34.055546  36.345657  43.66685 ,1076.5863,32.81137461,0.8614629,weighted6,24,-0.085854539,0
  0.78467   34.608917  32.37772  103.5513    48.67389   14.817194  11.586402  54.17677   48.673824  32.706642  13.975292  49.283756,758.3376,27.53792994,0.47690988,weighted6,24,0.106063202,0
  6.673512  45.17454   50.961514 100.152565  47.993565  13.343557  18.251259  44.7399    35.751427  24.502522  18.015947  46.89684 ,716.9554,26.77602254,0.4786779,weighted6,24,-0.266268861,0
  3.2030756  43.517235   42.01496   105.14977    39.528477   30.976456   8.875481   57.242893   41.42416    25.915024   28.339926   39.35624  ,620.96594,24.91918824,0.4247675,weighted6,24,0.019335674,0
-11.431837  55.633045  39.017986 104.87058   65.47363   16.65261  21.006819  43.9656    51.86443   31.033297  33.615623  54.741405,879.5835,29.65777295,0.52092314,weighted6,24,-0.038593433,0
 10.015496   48.52509    36.03674   109.603775   50.863884   -0.8627365  14.514731   34.391212   59.99002    49.628483   28.40924    36.990086 ,778.5371,27.90227785,0.48987803,weighted6,24,0.041786697,0
 53.687622  35.985664  46.572758 100.75153   33.265537  54.651142  49.353287  25.824331  31.782274  -6.074159  43.020576  35.631676,989.04767,31.44912826,0.4206061,weighted6,24,-0.485243541,0
 33.51971  -12.374615  -1.891764  85.64117   71.98955   55.043934 -27.056227  80.2574    49.563713  21.403097  47.28985   63.802406,1261.1094,35.51210181,0.7209029,weighted6,24,0.035588908,0
27.326601 32.57778  26.812767 99.87238  44.425034 29.053509 18.179016 48.992153 38.456192 16.831142 25.719603 52.53857 ,597.9953,24.45394243,0.3848532,weighted6,24,-0.156011939,0
 42.411026  32.114487  31.880842 101.789276  57.667904  40.057617  26.443142  26.140339  47.834736  19.36836   42.087334  49.355137,558.242,23.6271455,0.35960937,weighted6,24,-0.157001887,0
67.75711    3.764321  -1.8626399 85.96558   45.019627  36.16077 29.222017  36.308784  54.36419   10.113467  56.487     71.09756  ,4906.487,70.04631908,0.60903805,weighted6,24,-0.192095731,0
81.906395   5.942635   1.7799468 80.60841   47.048473  24.162563 16.26745   68.24307   32.47563   11.042097  56.152287  75.00999  ,2309.95,48.0619387,0.50258476,weighted6,24,-0.227899052,0
 16.468365  23.2232    26.496706  79.68527   32.473244  35.580917 -36.1065    44.338802  39.585083  34.790756  37.012726  45.571983,1117.8489,33.43424707,0.5071592,weighted6,24,0.144728918,0
 19.20757   49.055412  33.977642 118.53997   47.977512  10.342612  21.326853  39.435795  59.889385  28.854416  33.423847  56.08106 ,739.9792,27.20255846,0.456405,weighted6,24,-0.047949021,0
 19.493849  31.866978  35.58954   91.72443   49.162357  21.9021 -16.076094  49.146328  51.32005   32.120434  34.771423  61.30569 ,718.96735,26.81356646,0.4156957,weighted6,24,-0.127982774,0
 49.01679   36.38578   17.566643 116.13706   34.979954  16.395588  75.8564    50.3475    46.8072    -0.894069  32.940224  41.21881 ,871.70557,29.52466031,0.4648522,weighted6,24,-0.19544432,0
  8.334854   60.29031    51.678905  114.18551    54.968052    3.7614903  25.799923   52.19399    42.69914    43.261986   10.6761465  63.02429  ,895.69135,29.92810293,0.6103746,weighted6,24,-0.092798716,0
 -6.098865    45.491386    47.58021    115.43394     56.691444   7.7934093   36.886337    58.22123     40.00219     30.19739  -0.66243404  49.623383  ,1097.8081,33.13318737,0.46608523,weighted6,24,0.147716801,0
 -6.5217605  48.446186   36.423237  115.08375    47.47341     3.1375926  38.027412   64.50688    38.361336   27.152534   11.063141   38.408695 ,1234.3408,35.13318688,0.49911645,weighted6,24,0.120089119,0
 -1.1241682  32.56415    39.33562   124.54729    51.103054   12.828845  20.276773   82.58123    38.794544   28.279707   10.923978   52.037674 ,1157.5155,34.02227951,0.7045224,weighted6,24,-0.157419122,0
-14.155793   41.170273   50.013252  119.54055    55.524403   -2.1646621  18.991673   59.072853   53.460556   34.274357    9.296294   34.500263 ,1065.6589,32.64443192,0.62409675,weighted6,24,0.279271617,0
 53.839592  44.415314   8.001919 109.983086  53.38804   26.764715   9.985367  54.296825  25.38255   43.18285   31.224804  54.741417,772.87555,27.80063937,0.6250439,weighted6,24,-0.153245849,0
 14.393908  50.970978  37.674152 119.42982   64.47054   10.442622  17.532354  50.05878   52.01548   49.187145  17.63078   53.95048 ,814.82074,28.54506507,0.43699753,weighted6,24,0.090613592,0
  7.9757776  43.80429    40.57378   118.25353    59.75536     8.8098955   7.027544   48.28181    58.569702   49.5471     25.16169    47.75722  ,1165.6643,34.14182635,0.4666324,weighted6,24,0.033800908,0
 27.672838    22.044186    41.14123    115.96316     50.896664  27.106401     0.95461625  47.021896    49.649464    41.782524  19.954674    55.079117  ,983.5754,31.36200533,0.44757092,weighted6,24,0.184026434,0
81.91597   19.553453   0.8630736 95.66966   34.34542   56.02349 18.179745  39.58054   24.808123  22.141941  43.31846   63.31516  ,2756.6738,52.5040363,0.57332534,weighted6,24,-0.189517694,0
 61.603855   7.546325 -32.54245  109.82259   52.396564  61.796967 -24.137718  79.659134  48.341526  37.346497  51.38855   48.125904,1586.8341,39.83508637,0.6148076,weighted6,24,-0.159001873,0
 23.022749   31.878483   11.242314  113.900566   57.031567   27.448177   1.5669822  52.753372   49.201015   38.04176    31.426682   44.92845  ,736.0169,27.12963153,0.44798973,weighted6,24,0.200493005,0
31.614172 40.838257 16.378511 99.19893  42.392326 25.322632 24.24779 37.01661  48.751724 24.233793 39.370216 39.94851 ,444.15958,21.07509375,0.33440933,weighted6,24,0.15830861,0
33.70298  39.415115 26.116398 91.02594  59.356655 10.273136  9.432567 47.735794 46.304165 33.05519  42.654057 56.423702,516.2674,22.72151833,0.5040246,weighted6,24,-0.089305092,0
34.41675  46.70806  13.671488 96.43123  51.709366 11.080993 57.006065 44.79264  44.788578 17.324839 42.381306 33.00011 ,597.25,24.43869882,0.35185063,weighted6,24,-0.067805286,0
 29.312218   56.426277   17.568634  113.15646    69.70476    -3.2282846  39.92419    72.96462    30.04105    39.2076     14.526809   54.87366  ,1309.7859,36.19096419,0.48476505,weighted6,24,-0.161903229,0
 -0.57965344  53.781452    31.557869   116.81194     32.75712  11.954051    14.206306    38.841667    57.853256    42.588787  22.189608    40.92947   ,1214.8252,34.85434256,0.5413244,weighted6,24,-0.050453586,0
 26.637287  49.804325  30.839354 127.09171   30.305874  25.097015  56.04338   23.617254  57.66238   11.194888  47.997986  13.284651,872.34576,29.53550007,0.5234557,weighted6,24,0.230569127,0
 26.239077    53.556366    28.856894   129.29585     63.053947   0.37167484  45.57805     46.35517     54.063667    36.12941  23.597677    39.892292  ,936.9466,30.60958337,0.40787485,weighted6,24,0.075319465,0
 33.106277   38.366833   29.993734  108.48017    44.746807   31.60208   3.4246106  45.787243   46.248047   37.596268   30.299196   52.650646 ,688.60504,26.24128506,0.37781787,weighted6,24,-0.094063748,0
 19.76065   52.281597  35.59495  108.37221   53.363953   8.971306  19.32342   45.745293  50.99764   42.90646   24.422966  62.505486,831.2913,28.83212307,0.4250195,weighted6,24,-0.095322195,0
48.177143 42.875156 19.523294 98.129135 53.213013 19.886173 18.710413 42.592285 35.207573 37.942783 22.657326 50.851   ,1140.4662,33.77078895,0.46223333,weighted6,24,-0.380443318,0
37.554966 51.192913  3.790383 85.87672  40.17963   6.055513  8.611061 38.73372  40.61978  38.400406 32.27838  44.633537,513.63904,22.66360603,0.65781873,weighted6,24,0.101916258,0
 24.973455  46.176014  19.164673 104.92917   48.913765  26.203457  28.025946  42.81733   38.491077  26.726551  26.079397  45.291153,580.68634,24.09743431,0.426537,weighted6,24,-0.104992227,0
 37.764572   42.587505   -4.4053874 117.74171    62.05419    28.64874  41.756897   63.689743   29.588644   32.464344   30.441927   35.016346 ,927.0574,30.44761687,0.63864684,weighted6,24,-0.179591693,0
 29.45697   39.940765  32.175312 111.24627   52.33532   25.329453  23.69348   55.518093  33.3135    30.67284   12.291864  56.814392,758.90717,27.54826974,0.55780345,weighted6,24,-0.299236615,0
 24.989662  50.84527   22.22324  111.5945    69.99323    8.767162  57.757305  46.836002  31.564064  27.412683  19.66263   45.84326 ,852.82666,29.20319606,0.6590428,weighted6,24,-0.26443677,0
 19.013958   38.36494    38.158382  116.52332    49.469215   36.183075  41.938225   61.9144     24.710258    6.2977157   5.0151625  42.77865  ,885.89056,29.76391379,0.63666826,weighted6,24,-0.426842077,0
-10.116156   56.08517    39.89011   120.218895   51.45085     6.9580607  61.09004    57.160458   37.020905   21.79298     3.1737099  37.524498 ,1168.1317,34.17794192,0.8390737,weighted6,24,-0.30076981,0
 -0.38333687  66.44592     40.15512    119.38336     58.67008  13.671589    51.79305     41.48755     40.27138     41.123596   1.2289039   37.91239   ,1144.2347,33.82653901,0.55457336,weighted6,24,-0.145779262,0
 36.813404  61.422554  20.314974 119.27263   47.828625  12.846965   6.061179  38.399082  45.58778   35.537647  32.7289    15.59028 ,868.3564,29.46788734,0.41625008,weighted6,24,0.400999636,0
 60.253933   9.139072 -12.244556 108.53683   86.64079   22.012032  18.173906  87.67881   55.0462    33.58588   37.45759   57.83164 ,1398.6178,37.39809885,1.0001532,weighted6,24,0.179608676,0
82.97558   15.079373  44.750355  95.09389   64.916374  55.37663 26.255083  38.413853  28.429646   3.7389333 33.880253  85.666725 ,1097.729,33.13199366,0.8166819,weighted6,24,-0.532938023,0
 52.055965   23.836758    3.5535784  65.61575    54.065254   62.279667 -26.859406   15.887828   21.37729    27.51764    46.114117   49.3957   ,700.9392,26.47525654,0.62323695,weighted6,24,-0.02892835,0
60.970863  31.572973   9.326896  82.55827   45.527023  31.379087 -1.9255625 16.424654  49.53912   26.10921   53.692616  54.764446 ,875.15765,29.58306363,0.4254383,weighted6,24,-0.040611617,0
 57.85382   39.86084  -13.039     90.87517   53.13355   17.589933  10.548502  44.84836   44.277485  36.919525  57.550266  46.63193 ,847.18756,29.10648658,0.46134815,weighted6,24,0.050300266,0
 25.512304  40.202084  26.623878 101.35351   53.929016   7.894245  42.914703  33.165005  48.48884   20.644491  28.484077  37.223793,2904.8848,53.8969829,0.5845523,weighted6,24,-0.261277636,0
39.698513  38.16658   16.188099  93.2471    25.712791  25.220774  3.6924195 38.136948  48.67496   31.756863  40.371597  37.347733 ,1179.8046,34.3482833,0.5231996,weighted6,24,-0.058752253,0
 49.618572   29.083828   11.126853  124.12671    25.004364   42.33077  65.20594    19.8647     56.0132      7.6251554  51.92226    21.126934 ,1253.8177,35.40928902,0.49511275,weighted6,24,-0.155182747,0
39.886204  57.49792   13.462464  97.260216  53.916393   1.8551276 26.652626  43.9647    36.8054    36.977978  31.16093   50.309196 ,959.2242,30.97134453,0.4722824,weighted6,24,-0.118085407,0
 19.456429  58.765816  33.058384 110.57993   45.88539    9.829327  24.468384  18.51942   55.58927   46.02989   26.265326  42.60681 ,2670.0403,51.67243253,0.5545113,weighted6,24,0.041303874,0
10.8018465 63.827164  26.37258   97.442795  31.951845  -4.5453143 22.881996   7.3867936 68.7248    44.327785  41.204205  17.281471 ,2131.59,46.16914649,0.57114613,weighted6,24,0.055739914,0
34.03887   62.632175   8.446312  82.10746   24.598104   3.7469537 12.786755   7.0397696 44.6369    44.86407   39.025116  11.526966 ,1799.0444,42.41514392,0.6323748,weighted6,24,0.109665516,0
40.137123  57.321064  34.286274  95.37382   45.233997  -1.1821079 50.318607  36.546993  55.179493  26.645008  52.34357   36.09479  ,909.4053,30.15634715,0.40064958,weighted6,24,-0.022425935,0
16.719091 64.701454 33.863457 88.36721  45.535942  8.958733  6.956962 37.039246 49.60898  44.741566 40.19118  46.610767,1179.7754,34.3478586,0.5095471,weighted6,24,0.006467662,0
 47.17891    17.055334   -3.9323537 110.073654   40.946003   61.10106  33.41458    29.732899   61.27359    23.686153   48.588497   32.85142  ,1837.0983,42.86138433,0.49783787,weighted6,24,0.134822528,0
102.86725    -2.0938544 -10.036225  111.08898    76.095695   38.467113  33.187115   94.49059    34.142757   30.918653   27.952383   64.54898  ,1893.431,43.51357294,0.5089928,weighted6,24,0.182522296,0
 26.446024   23.422976   14.785581   75.91644    69.63586     2.7959657 -26.91729    59.384083   57.6116     29.730768   52.79029    54.52589  ,1466.6056,38.29628691,0.55677634,weighted6,24,0.352354494,0
60.866905  -2.1187859 16.375402  81.85047   62.53889   77.90811 -1.0475627 73.0964    14.316288   7.2726607 26.363453  66.33993  ,998.7078,31.60233891,0.6114884,weighted6,24,0.314429022,0
 55.001255   22.631746    5.6810555  72.38303    44.85052    37.01334 -30.183853   15.704824   49.637962   34.846725   60.669346   38.05644  ,915.5821,30.25858708,0.46057346,weighted6,24,0.18827072,0
56.279675  45.24495   -3.4369104 83.99557   57.1612     7.5492635  2.334106  36.537846  43.947605  46.168262  43.86723   49.108128 ,1193.8068,34.55150883,0.46069703,weighted6,24,0.274913453,0
32.014164  53.99053    2.7065194 92.343925  42.759228   3.008097 26.66284   21.552313  39.324436  40.049862  30.868387  14.1461   ,1127.1667,33.5733041,0.5020411,weighted6,24,0.242386799,0
 62.235115  46.01722   19.739449 106.75851   56.70786   15.285113  21.72203   29.346674  48.37376   37.330338  54.990303  44.80397 ,725.89154,26.94237444,0.40672216,weighted6,24,-0.044187286,0
 53.60876     42.894226    -0.94792587 107.084885    38.793636  27.340788    49.47336     25.007574    56.543182    12.040915  63.6636      15.398423  ,905.1774,30.08616674,0.4347181,weighted6,24,0.10840196,0
 41.840782  43.53846   22.8338   107.26436   31.941694  22.431404  11.699925  28.827065  70.62448   44.6803    47.417545  43.2483  ,1506.5511,38.81431627,0.5243598,weighted6,24,0.077483738,0
 21.377827  14.346404  23.86324  106.46474   56.898815  38.685974  -3.817414  63.745842  58.810135  34.846363  30.423649  34.248314,7948.7886,89.1559789,0.67260367,weighted6,24,-0.085447491,0
74.99816  31.52723   3.479354 89.89666   7.674013 46.10001  16.19975 18.867765 49.575    16.116402 81.319016 19.432045,1366.3488,36.964155,0.5671845,weighted6,24,0.272425595,0
48.827564 29.265476 17.247597 82.067505 71.73114  18.121248 -7.062865 57.616917 44.960995 18.743135 46.326626 58.376026,549.8823,23.44956981,0.43606818,weighted6,24,0.409976385,0
53.366905  25.367233  11.1224985 68.33483   45.78917   10.021444 18.070517   8.517176  44.39581   22.622347  56.514717  55.04339  ,1703.3654,41.27184702,0.4603767,weighted6,24,-0.549472554,0
 81.32751    -8.032993    4.450162  100.94002    38.694714   86.198395  25.08828    26.843302   27.304245    6.6253786  48.043552   31.37754  ,1534.4872,39.17253097,0.5976159,weighted6,24,0.088666034,0
 75.115074  46.726364  15.970704  70.87298   56.318672  20.75219 -15.486845  33.174862  40.397423  44.10909   51.02565   69.3139  ,2034.1937,45.10203682,0.5101758,weighted6,24,-0.476985502,0
53.159847 51.796185 -4.758163 92.56099  35.078167 10.595748 67.74661 22.5722   47.8785   12.333332 59.004093  8.273576,966.6337,31.0907338,1.0310733,weighted6,24,-0.18157731,0
 60.24596    42.429615   14.254993  101.50698    30.103014   35.49169  86.49112     1.3315243  38.407585    4.0475082  51.683926   24.086414 ,1163.6809,34.11276752,0.65238756,weighted6,24,-0.229846838,0
39.658215  61.557724   2.7415571 90.556755  29.709076  19.39512 85.96305   -4.235884  41.261593   0.3703743 48.295666  10.538591 ,1201.6616,34.66499129,1.2269131,weighted6,24,-0.281547236,0
 24.39732   63.41141   30.04212  104.11434   59.84499   30.950321  37.31379   21.286623  34.31843   40.197895  21.543251  34.397106,494.7866,22.24379892,0.38762283,weighted6,24,0.457391603,0
 52.5971     62.376186  -11.611596   91.92192    33.33134    20.612343  73.88939    -1.0073307  47.445488   19.812878   60.061375   12.967624 ,1087.5049,32.97733893,1.0462874,weighted6,24,-0.198231664,0
59.123898 55.9995   10.545669 78.18661  46.576763 21.8633   25.647955 12.663776 26.2917   37.366173 33.905582 33.22012 ,711.2268,26.66883587,0.4648933,weighted6,24,-0.582378394,0
62.71393  44.814182  5.200052 74.05813  40.259766 18.315039 15.655293 26.145401 31.439844 38.313965 36.32733  45.47012 ,3195.0557,56.52482343,0.5684274,weighted6,24,-0.203421749,0
54.019318  40.66064    6.0331416 69.36799   32.20228   15.9880085 -5.2912126  8.765296  45.377773  41.20162   49.724785  24.423607 ,17406.748,131.9346355,0.80262977,weighted6,24,0.053327258,0
61.57665   17.538996  16.198675  76.73228   22.474897  -7.9385877 -3.9298973 37.156544  67.64767   33.513363  66.550766  59.326607 ,22013.166,148.3683457,0.79228777,weighted6,24,-0.274343319,0
20.042385   5.0884466 22.672226  95.54361    6.215363  46.722187 -1.0302994 53.816456  56.698734  -2.6033232 65.11489    2.4809918,1142.7269,33.80424424,1.7039844,weighted6,24,0.047023302,0
 87.35267   44.968803 -32.066395  67.918274  46.08422   -6.235256  50.458683  34.237877  62.702118  33.419308  65.866974  30.043919,1564.1068,39.54879027,2.2310798,weighted6,24,-0.09129028,0
35.714066  52.24214   20.957867  62.46357   43.719696   7.8605676 49.421925  13.790358  34.720963  20.315647  29.93396   41.56831  ,434.82913,20.85255697,0.824611,weighted6,24,-0.197405357,0
66.07317   50.83586   25.411009  90.08249   47.013546  26.243587 23.675436   5.6807437 42.881958  15.0133705 50.06135    9.709287 ,522.0837,22.84915051,0.51292515,weighted6,24,0.400837766,0
 90.6363    58.999516 -19.093119  87.16546   30.360983   5.99062  96.50158  -11.676765  49.846424   4.398116  55.671894   9.587644,2016.0175,44.90008303,2.3487175,weighted6,24,-0.120319331,0
 66.847946    45.461224   -18.02569    102.27971     47.090572  25.037823    83.97254      0.19032098  49.500515     7.020796  61.061237   -17.645437  ,2129.2898,46.14422819,3.826669,weighted6,24,-0.162397925,0
42.832573  61.317486  19.066149  86.40769   48.195095   4.9084625 56.659966  10.632355  55.034103  35.60941   29.043022  34.46465  ,729.51733,27.00957856,0.8753126,weighted6,24,-0.189757816,0
31.562296  59.249977  13.178801  79.8946    35.62839   10.327627 83.01545   -2.9021497 49.726933  -2.0555716 45.370125   8.695067 ,901.67914,30.0279726,1.0552194,weighted6,24,0.067116416,0
33.26272  60.786404 17.82905  76.43136  46.705654 20.983023 42.01075 11.905553 28.586596 27.911015 33.007072 27.931992,1116.7379,33.41762881,0.5189248,weighted6,24,-0.293543011,0
40.74437  58.21835  12.015204 94.50574  52.221077 15.729667 47.625637 36.03504  53.406982 37.044582 50.805916 15.858253,1494.4282,38.6578352,0.44828987,weighted6,24,0.330037287,0
 46.669846   64.881874  -10.135278   98.69126    25.17404     6.3614254  71.89868    17.411448   52.456955   20.466133   58.182926  -13.070117 ,1452.5834,38.1127718,1.7240213,weighted6,24,-0.105417385,0
35.332355 60.120876 16.190746 80.95285  25.336288 13.043688 57.99411  5.982449 51.975212 30.52459  36.82873  24.003033,1492.2959,38.6302459,0.51388615,weighted6,24,-0.105269137,0
 43.92904    62.24536   -15.377952   81.52283    30.752096   11.294729  64.418274   11.670118   51.635307   27.008316   57.547817    2.9671168,881.2851,29.68644632,0.64095235,weighted6,24,0.050097804,0
37.012444  65.72263   25.563074  77.16359   43.91726   18.199638 30.250395   3.8531199 47.60875   46.530037  54.63669   31.9741   ,477.43277,21.85023501,0.43379983,weighted6,24,0.000326144,0
50.0842   33.9196   17.849174 67.860855 29.863005 29.354328 12.345198 10.844979 42.82271  24.21078  47.818394 37.855663,2477.588,49.77537434,0.55416244,weighted6,24,-0.051706154,0
38.490814  48.66186   21.965708  97.67552   55.748623  36.2566 53.842777  15.140941  45.392406  11.42775   63.75667    2.6072059,820.1451,28.63817523,0.43525267,weighted6,24,0.054102034,0
76.34298   62.97127   -8.033124  80.53372   33.504158   7.311563 80.9406    -1.100561  48.754414  12.678601  63.953663   5.3747416,1362.1459,36.90726045,1.4728006,weighted6,24,-0.100373017,0
 65.664215   55.22063     8.344863   76.59707    29.490168   36.107227  52.067722  -29.09346    51.996838   18.56146    75.29463    -7.2398005,1288.7509,35.89917624,0.51942426,weighted6,24,0.368627875,0
62.506695  72.35696    2.7868602 60.535942  42.027058   4.76682 38.965202   4.5825577 35.91383   45.43117   58.46526   20.268003 ,773.38153,27.80973806,0.45802608,weighted6,24,0.183341271,0
 48.42931    53.86161     2.6397293  40.34964     5.960001   20.34184  32.307983  -35.302036   47.890198   13.00576    63.698227   -1.4728814,2236.3416,47.28997307,0.6026663,weighted6,24,0.02728349,0
24.395235   67.03198     0.23696278 66.48578    16.986534   10.150442 40.129955   -3.2663815  60.789158   23.297838   63.874645    8.691471  ,3298.0576,57.4287177,0.60408574,weighted6,24,-0.099825614,0
41.279423  59.572895  -2.5081031 68.34551   34.048374  20.470697 27.653917  -2.2199817 51.993504  47.01768   67.110214  16.59851  ,4161.6885,64.51115002,0.5988789,weighted6,24,0.075827721,0
45.867813  68.96801   -9.765402  89.3101    15.746859   3.858313 71.82714   -1.0841444 57.63929   25.364748  66.49313   -5.216062 ,1598.331,39.97913274,0.6095197,weighted6,24,0.140163693,0
73.24573   47.60326   -7.8171644 82.55062   50.433     18.04468 41.76646   25.336277  34.946075  31.74069   64.23126   24.550455 ,791.5621,28.13471295,0.8865568,weighted6,24,0.019735362,0
54.132633 54.935886 18.598925 68.360634 45.945217  7.609345 37.8239 -8.679638 45.978985 39.136616 33.408665 40.873478,5377.969,73.33463873,0.6366032,weighted6,24,-0.251951637,0
 94.956604   36.87774   -17.91156    54.93753     9.353587   -4.0741267  -6.525368    3.706332   51.360634   36.978245   54.6495     44.596764 ,16216.528,127.3441334,0.8025047,weighted6,24,0.00915399,0
41.298565   24.177626   -0.10247649 60.018192   15.336452   27.640963 -3.621568   38.648335   54.92361    24.035875   56.185383   15.103996  ,14788.259,121.606985,0.8021383,weighted6,24,0.093447203,0
 55.396935   35.690617    6.8901577  55.824898   36.098175    6.7375455 -12.465809   16.82457    54.832375   31.621746   65.68907    36.09764  ,31760.412,178.2145115,0.8428628,weighted6,24,0.089208644,0
34.076538  45.327377   4.38429   82.96707    6.1397486 -8.829854 -3.5615773 28.855734  71.09985   38.434616  66.709305  -7.7296233,15160.04,123.1261144,0.7943256,weighted6,24,-0.000569822,0
 56.1394    28.098904   6.075224  71.10337   21.971407 -13.104091  17.005816  18.079914  66.12086   40.60063   67.15584   17.326944,18199.82,134.9067097,0.7975028,weighted6,24,-0.003745001,0
 42.506203    36.649487    10.307605    64.38509      0.88664967   2.914664   -11.884831     7.2216015   57.608345    31.853416  71.09358     -4.7692223 ,24257.604,155.7485265,0.8538971,weighted6,24,-0.129757405,0
 58.585762   50.890568  -10.096002   66.29598    -7.246453  -11.637039  -6.7951055  14.793476   55.98771    39.234947   62.481724    3.1671906,18824.695,137.203117,0.83432126,weighted6,24,0.020381604,0
 52.815228   43.099323   10.967164   84.14402   -19.927624   10.325495  14.048122    6.062928   63.34551     4.9556003  84.242134  -16.809738 ,38514.09,196.2500697,0.87406033,weighted6,24,0.176456199,0
 31.649092  43.17194  -23.341963  94.61359  -22.724426  -4.770329  39.55699   41.39176   67.38086   23.009727  71.86517  -22.225573,1535.7404,39.18852327,0.9125317,weighted6,24,0.037468571,0
 66.32193     72.845726     4.9001703   74.856224    42.3562   3.3710003   47.114647   -22.422218    51.699978    19.396656  56.956146     0.36463788,3624.1287,60.20073639,0.7479543,weighted6,24,-0.369211555,0
 57.365902   54.297043   -5.3125143  71.033424   23.241022   26.263582  79.646324  -24.918438   44.08682    -1.8803103  68.64552   -13.530112 ,1688.9375,41.09668478,0.7486245,weighted6,24,-0.099241289,0
 43.89358   68.69785   16.352587  80.66238   25.687428  23.207527  84.76068  -35.203007  62.004955  11.989538  69.49091   -9.796493,2752.5752,52.46499019,0.53380495,weighted6,24,0.033083511,0
 39.703854   60.946133   -7.9755216  75.5299     30.042017    2.7204683  81.14652     1.2868348  43.527847   12.28514    57.871666  -12.638149 ,1259.6411,35.49142309,0.687792,weighted6,24,-0.346986077,0
 49.388004   66.273056   -0.6379541  88.39658    39.82182     9.175877 100.08309     3.562785   38.993484   11.983479   49.908096  -15.660874 ,1878.578,43.34256572,0.955669,weighted6,24,-0.362666843,0
36.957775 65.02678  24.577385 67.32423  31.10556  12.172597 54.057335 -2.748927 38.295258 27.371231 33.078415 31.382559,3883.514,62.31784589,0.6020983,weighted6,24,-0.276979349,0
 33.936207   47.554688   -6.3953924  83.36673     6.2506638  29.598303  50.07873   -18.253956   51.39606    26.957117   68.61029   -43.629993 ,4177.7466,64.63549011,0.6315565,weighted6,24,-0.093288484,0
 51.64283    70.70933    -3.5969481  83.84919    23.381456   -2.575514  85.00315     9.21642    44.920765   22.263817   54.164185  -12.591873 ,1111.7045,33.3422325,0.8879273,weighted6,24,0.068389343,0
42.038162  74.48283    2.2495875 60.30583   50.60747   -0.6420211 40.47752   22.667637  22.531971  49.47106   29.205414  19.589336 ,1605.4277,40.06778924,0.5074907,weighted6,24,-0.187345933,0
 40.238346  71.82041   20.02039   70.84665   11.148095   6.19385  43.583797 -21.467419  57.818882  48.643585  42.55456   11.333306,14660.309,121.0797613,0.7832816,weighted6,24,0.344070275,0
 38.74784    55.62466    36.53067    68.400505    6.2502675 -13.302793   5.5909295   5.6548476  66.72509    53.690575   46.576412   16.371367 ,51316.293,226.5309978,0.8730411,weighted6,24,-0.009105257,0
 59.136795   30.280378    7.2644534  72.67046   -29.596624   14.870218  23.842623   18.80693    52.648483   26.81233    92.083     -14.50675  ,7246.9253,85.12887461,0.7261214,weighted6,24,0.062584535,0
52.969128  59.851925  -9.969856  64.29751   12.659155  -5.0375624 43.6017    14.720121  50.833286   8.694916  59.683804  -0.7161653,2427.9407,49.27413798,0.55298203,weighted6,24,-0.099976107,0
45.161427 43.0055   10.434505 85.09484  27.520046 29.38507  35.3695 -4.551459 49.101902 26.606855 49.34075   9.101152,7218.803,84.96354055,0.70581204,weighted6,24,0.067030401,0
43.508347  29.475203  22.396896  67.206245  37.77904   11.579226  6.6824136 34.938763  67.62813   11.721724  75.50786   16.887321 ,7414.401,86.1069154,0.6855592,weighted6,24,-0.127572596,0
 80.32533   20.848175 -20.847862  37.2805    16.05914   29.576153   9.006214  -8.77557   67.56761   14.17575   98.19698   29.063423,17778.04,133.3343131,0.8028295,weighted6,24,-0.024472964,0
 40.955544   56.859417  -14.206015   92.10601     4.011991    2.6822293  68.00848     9.468567   53.229816    8.691091   62.76544   -23.999723 ,4214.196,64.91683758,0.6575305,weighted6,24,-0.204663561,0
29.996952  60.25691    9.35286   70.06347   27.350943  24.694658 42.916534  -3.883253  37.936253  23.366383  36.30613    5.5495343,2751.1514,52.45141912,0.6050696,weighted6,24,-0.142193817,0
 48.56654    58.434967   14.0000515  74.53262    35.42019   -11.445662  27.60085    -6.8146305  61.81175    46.99856    44.41994    23.513033 ,17506.78,132.3131864,0.78929716,weighted6,24,0.13192962,0
54.340626  42.92273   23.627207  60.980095  -4.2919993 -9.091885 28.719687  -1.7511724 61.58703   20.15559   59.196507   7.883963 ,33170.83,182.1286033,0.86258656,weighted6,24,0.198184334,0
 18.953136  17.601542   4.800059  93.128494 -13.154027  13.729392  19.843431  30.955435  75.36578   13.414134  78.942154 -17.215742,22059.367,148.5239617,0.83834773,weighted6,24,0.134235101,0
 41.952267    39.29009    -17.443794    88.33382      2.8551319   1.4663802   54.38194     38.6952      46.175518    16.164791  61.266125     0.13838795,9029.304,95.02264841,0.740236,weighted6,24,-0.021306437,0
 36.70018   44.68235   12.080598  98.7989    17.53982  -10.836166  37.34784   18.230198  64.06954   32.312298  32.616756  10.60137 ,20896.264,144.5554,0.810375,weighted6,24,-0.040804334,0
 26.405338  34.635548 -19.322847 102.887566  -3.74437   33.040962  52.182076  28.350458  30.772057  15.096435  52.13428  -36.163113,2342.4255,48.3986109,0.715689,weighted6,24,0.046814866,0
58.399708  76.07594    1.9004617 86.4993    31.664127  -8.994251 90.72278   -9.564678  49.109055  19.17992   50.15415   -2.75151  ,2230.383,47.22693148,0.9354422,weighted6,24,-0.289470995,0
 66.52855    66.14745   -16.23474    61.22216    40.54815     9.300256  51.7816    -15.265367   23.072227   30.8632     43.85796     2.9201143,1985.7433,44.56167957,0.5407383,weighted6,24,0.218716413,0
39.36602  27.54757   3.974399 76.994354 39.5699   -4.898607 38.43027 27.422626 70.49323  25.575888 61.754536 47.39408 ,3103.246,55.70678678,0.56866,weighted6,24,0.134399162,0
20.1764    52.370934  25.003117  67.025314  10.979355  30.856205 -5.4474316  9.521055  44.686646  41.481075  44.49643    7.1727066,11319.969,106.3953418,0.78593105,weighted6,24,0.34045155,0
  6.066522   41.7822     -6.0581074  97.40107    -8.356197   14.617853  35.48476    18.088617   61.934864   29.0389     66.12741   -33.697758 ,8969.771,94.70887754,0.7554429,weighted6,24,-0.282010897,0
44.888077 70.023415  8.242124 69.912025 23.952908 -7.467642 39.402138  6.672472 32.582634 39.92688  25.970467  9.41593 ,14235.786,119.3138137,0.79523236,weighted6,24,0.167942086,0
 31.026943   31.5867     11.1675415  80.57026    17.997534  -18.613876   5.7536273  35.324608   66.67687    38.012424   36.93643     9.236808 ,15157.575,123.1161045,0.79678065,weighted6,24,-0.207264816,0
22.205616 19.064066  8.766037 81.780304 18.918549 33.479507 10.585299 41.707893 70.53661  34.253914 61.70842  10.69637 ,32542.016,180.3940565,0.83868235,weighted6,24,0.126855607,0
 28.493505   49.163067    8.879936   96.45096    -7.3086343 -10.726364  29.410776   33.12056    63.12466    41.118683   43.28664    -6.655466 ,9796.673,98.9781433,0.75035244,weighted6,24,0.024710751,0
38.980473  40.410934  17.18242   79.09631   14.673425  15.3840475 29.327162  10.756074  58.99148   17.850084  85.80523    4.7478776,6477.9194,80.48552313,0.66984534,weighted6,24,0.054990458,0
30.914911  72.12719    7.8181086 96.02998   12.439249  13.184798 33.157368  40.355347  40.78643   49.3913    28.079214  19.25986  ,60544.215,246.0573406,0.8441524,weighted6,24,-0.1931177,0
-21.698248   40.18148    18.092453  120.17087   -35.202557    6.5855546  70.410774   35.333378   63.978104   32.534714   31.070757  -38.23208  ,34440.41,185.5812764,0.8589175,weighted6,24,-0.180425413,0
  4.022822   43.231575   49.004368  107.78269    15.388934  -25.216476  -9.8200445  86.58407    60.05738    55.01091    25.583254   26.695751 ,8764.112,93.61683772,0.6629419,weighted6,24,-0.648905346,0
 20.677687   45.378464   30.835577  107.402565    7.6457324  44.697407  38.44988    34.209713   43.439846   20.404303   58.26741    -7.806146 ,12851.823,113.3658822,0.74036604,weighted6,24,0.01830871,0
 41.381786  11.188288 -16.399708 117.16445   29.287773  48.740677  27.393108  54.805805  38.46997   37.71422   25.037739  -7.858046,5591.5796,74.77686534,0.6737151,weighted6,24,0.249008048,0
 66.75619     5.2995305   4.63522   102.61982    47.17383     6.45704  39.007866   77.573074   43.522087   40.946213   21.71114    19.195272 ,1057.7194,32.52259769,0.9536178,weighted6,24,-0.150612469,0
117.98037    -3.137285   -2.5899632  53.343864   72.016014   29.412926  30.478071   51.59303    18.196838   33.393078   29.850039   64.351456 ,1382.3656,37.18017752,0.51732975,weighted6,24,0.238402434,0
108.74809  -18.745186  -4.084197  51.40667   64.95519   46.947067   7.373041  64.86348   27.18584   22.534895  47.49808   61.842133,1115.2603,33.39551248,0.67156076,weighted6,24,0.131277878,0
 96.72269    19.713142    5.956223   39.243137   48.745716   35.55345 -16.081041    7.7161727  37.30265    34.304905   57.363625   65.010185 ,793.61127,28.17110696,0.52285445,weighted6,24,0.34642039,0
 79.10181     9.951139    8.301457   25.33488    49.847916  -32.453335  -6.7314835  12.093045   91.38878    40.53593    70.25746    83.255455 ,2377.1055,48.75556859,0.6119872,weighted6,24,0.662245746,0
112.379616   -4.0720463 -12.194315   57.777092   63.269802   26.221846  11.553337   51.19689    33.70638    27.417736   47.880135   58.39757  ,1787.2123,42.27543353,0.4998419,weighted6,24,-0.017430659,0
96.22073   19.540548  -1.4992168 63.112064  58.41702   11.747711 38.601124  35.75844   35.912926  23.42639   45.402355  44.042442 ,2521.1003,50.21056006,0.5459225,weighted6,24,-0.202604866,0
 34.802216   51.69637    23.562191   26.06759    27.692404  -14.543687   2.5355484  -9.578393   60.88913    31.34417    58.673943   20.195173 ,3114.6182,55.80876422,0.67043895,weighted6,24,0.373914616,0
75.59183  42.728294 11.59305  57.243668 53.410347 16.940302 21.97155 15.904398 28.167782 37.91473  49.44243  26.228401,3471.502,58.9194531,0.6093927,weighted6,24,0.39967081,0
 67.28574   10.902105 -10.728437  57.170578  48.265076  17.387804  19.04726   44.261787  36.335403  19.572418  50.42421   37.92085 ,4974.773,70.53207036,0.6681338,weighted6,24,0.006453235,0
58.61672    58.810226   20.168648   58.70287    25.415655   17.305887 21.990587   -0.19625376 24.429537   -2.534844   67.19899    -8.060592  ,10818.585,104.012427,0.77806544,weighted6,24,0.054090942,0
 63.232216    3.822768    0.9630078  61.08429    35.82916     1.3964095 -18.067223   31.58975    73.80788    35.479675   70.57116    22.813053 ,15793.985,125.6741236,0.7916083,weighted6,24,-0.163683471,0
 53.690815  24.446722  35.812527  57.684437  19.672762  -9.503365 -20.407936  19.6438    71.34052   48.089165  63.979115  31.438623,9072.815,95.25132771,0.72774404,weighted6,24,0.169989837,0
110.42223    -5.73616     0.9400558  75.53999    60.153313   36.931404  15.8869295  66.24169    29.192484   29.4234     39.25989    60.43349  ,7511.293,86.66771584,0.6474698,weighted6,24,-0.20741846,0
 80.38966    -7.313529   10.008712   47.627      25.521414    4.0242906 -18.879606   43.723816   57.934963   23.019022   65.30342    73.70935  ,2201.6619,46.9218698,0.5457462,weighted6,24,-0.018365805,0
67.34951   35.42038    1.5369693 60.054012  31.62609   11.180688 15.001891  22.304605  43.104717  22.814917  51.46637   39.91111  ,4153.076,64.44436493,0.63829446,weighted6,24,0.003783996,0
51.789536 40.275894 17.097752 84.877365 44.062496 44.85791   3.451105 24.954653 61.380436 14.036764 85.675125 18.193392,2331.0183,48.28062044,0.5105327,weighted6,24,0.127370454,0
62.594814  22.492193   2.526749  59.96354   55.94313    2.2822523 -1.458658  35.751137  54.776054  35.836967  54.31523   51.120087 ,6672.806,81.68724596,0.6833361,weighted6,24,0.092351245,0
 45.74711   24.686466  11.9678    73.79667   27.24042   14.252691 -17.428133  27.727312  66.332375  44.377167  65.92807   26.997683,4796.8022,69.25895066,0.65427375,weighted6,24,0.178776135,0
57.280537  42.841316  32.348648  83.58794   40.839302  -2.151348  0.5616858 11.627032  63.94858   51.212173  53.40682   41.36625  ,5060.992,71.14065074,0.63342327,weighted6,24,0.352161566,0
 75.98178     7.6486983  20.695143   62.78521    20.860586   18.54658 -15.8743105  25.305328   57.91885    26.977219   58.235447   68.25128  ,14418.716,120.0779573,0.7721718,weighted6,24,0.407709085,0
 58.34476    -3.0636861 -16.948742   73.76391    31.728363   42.319706 -32.51375    81.22965    26.426043   33.775173   37.950855   44.52648  ,3379.7537,58.13564881,0.610908,weighted6,24,0.225711063,0
 68.468544   24.087303    3.5295763  50.679264   14.092631   42.470074 -36.73007    14.78642    44.951977   18.775852   78.78748    35.632507 ,4180.5786,64.65739411,0.6655617,weighted6,24,0.332914419,0
38.418507  30.566711  24.051846  89.726105  42.496212  26.52464 -1.0468043 30.810186  45.09167   30.519003  45.675377  35.255264 ,443.7493,21.06535777,0.3542916,weighted6,24,0.18155415,0
113.39835    14.616106   17.82678    60.29257    58.862553   66.41388  55.72293    56.83146     2.4821467  14.073533   34.088295   60.868416 ,1424.2661,37.73945036,0.4605061,weighted6,24,-0.265552217,0
100.72831   10.103283  -9.257921  29.407597  45.821438  29.039959 -23.372183  34.459     23.566132  35.427586  59.468452  75.353065,1970.1309,44.38615617,0.5735571,weighted6,24,0.450465787,0
54.86816  45.960953 27.866299 75.471375 38.916252 11.241116 21.15718  4.207862 52.09879  42.137527 50.270107 49.56431 ,1292.9087,35.95703953,0.4763497,weighted6,24,0.44638075,0
 57.14473   26.588276  29.548874  64.67879   42.200245 -12.235958  18.025808   9.150238  49.736015  39.792904  35.74806   48.04256 ,5069.4062,71.19976299,0.6626348,weighted6,24,-0.04143704,0
 66.28627   27.308044 -17.541279  59.863247  42.723194  13.033525 -18.846542  45.484608  43.71118   47.79023   65.209724  45.218754,5184.898,72.00623549,0.6626669,weighted6,24,0.403780614,0
36.03117  43.14213  24.63826  85.24846  24.12127  25.45069  -2.880697 23.092756 49.920685 41.743607 34.623096 26.74226 ,14516.848,120.4858816,0.77740455,weighted6,24,0.359092366,0
 70.96657   -13.091944    5.3134403 100.49053    36.74846    67.8056 -17.317694   86.67656    28.987576   22.539341   32.64547    35.084347 ,2614.992,51.13699193,0.5935613,weighted6,24,0.005049198,0
95.29842   -3.3852754 12.168424  63.936836  33.39237   43.88358 -2.1860116 18.061438  40.584545  25.431723  49.291317  56.30337  ,2553.599,50.53314874,0.6081826,weighted6,24,-0.120763219,0
108.060005  -9.48953  -15.019998  56.018715  42.694084  59.027332  19.558962  33.101303   8.643647  26.98792   42.05988   58.32076 ,1168.3304,34.18084909,0.5527604,weighted6,24,0.194195188,0
28.856201 41.087444 24.977854 86.98254  48.08508   8.000943 42.409603 31.263062 42.541    25.349575 24.790007 29.895926,602.3865,24.54356279,0.41018167,weighted6,24,-0.198628346,0
24.757246  47.350437  25.96949   92.70922   50.32469   -1.4334769 37.72809   32.068752  52.4013    34.805874  22.132753  36.748405 ,1488.2826,38.57826581,0.5146496,weighted6,24,-0.29665377,0
24.522388 33.776386 20.088629 81.75541  43.731564 11.521671 13.702378 39.22307  46.44213  37.026257 32.812607 36.38952 ,7234.768,85.05743981,0.6781015,weighted6,24,-0.128692779,0
 27.415138   40.87567   -11.844044   81.066826   17.974941    2.5646963  39.295143   31.075628   62.128727   48.455936   42.32148    16.565233 ,2741.9382,52.36352005,0.58759177,weighted6,24,0.078574689,0
66.00311  38.435635 -8.744003 79.97287  31.764774 37.26018  37.14592  9.702059 28.20305   8.208423 64.7124   13.452267,680.3484,26.08348881,0.7183842,weighted6,24,-0.121086559,0
36.800205   71.02063    -0.16329718 73.17338    49.875587    2.9152873 45.911125   22.876635   23.841764   39.74148    26.482182   21.769312  ,610.3501,24.70526457,0.737951,weighted6,24,-0.247327598,0
 28.622814   61.104176   41.89203   101.81423    29.32403    22.054632  85.9005     -1.0738878  49.929073    6.175238   33.21836     3.4845672,1168.4269,34.18225972,0.57627535,weighted6,24,-0.199906154,0
37.617516 54.474377 10.187858 90.34178  49.99972   4.955632 57.16243 29.626953 38.360916 45.593952 23.739454 46.06255 ,526.1114,22.93711815,0.37743843,weighted6,24,-0.054146319,0
1.33190250e+01 6.15492134e+01 3.30693512e+01 1.11004501e+02 3.51055794e+01 9.97686577e+00 1.01467148e+02 2.23207703e+01 5.06067848e+01 1.08553156e-01 3.48362465e+01 1.14334097e+01,2423.67,49.23078226,0.6012349,weighted6,24,-0.268566871,0
 28.187386    37.44732     37.904034   105.673035    56.629757  16.658136    49.68223     50.18309     34.43663     26.13896  -0.35104248  38.713932  ,6163.2637,78.50645624,0.6502053,weighted6,24,0.055897047,0
51.706486   12.866931   10.20684    82.91158    43.230415   36.05164 -0.26128373 80.46634    36.784256   22.706045   38.563484   54.824654  ,1389.0709,37.27024179,0.47077107,weighted6,24,0.111864033,0
41.339306 38.582176  7.824238 78.98836  68.19102  21.513247 16.387762 59.39     32.4717   19.897028 54.41717  29.110195,456.05728,21.35549769,0.43562183,weighted6,24,0.115265794,0
43.34195  46.790176 10.530742 97.72776  15.325306 38.35989  81.09465 -3.439215 39.27258   2.111128 26.128359 18.603928,986.034,31.40117827,0.86855555,weighted6,24,-0.400335856,0
38.006596 62.957542 23.450966 96.52165  36.62389  15.779997 54.28716 16.202267 44.886906 40.12833  23.24118  31.317322,573.13306,23.94019751,0.44172314,weighted6,24,-0.244714807,0
27.440023  58.01536   14.48283   90.712746  56.869415   1.7760754 33.02731   28.174202  37.44681   45.038998  19.059883  31.478594 ,1099.477,33.15836321,0.47741303,weighted6,24,0.129345912,0
 7.956977 42.21103  37.795536 68.234146 23.447083 16.4159   14.146418 20.95509  62.381    30.89572  38.897484 39.280663,1846.3324,42.96897017,0.5278626,weighted6,24,-0.205709643,0
42.525257 47.559845 22.170074 92.008804 34.47273   1.875124 55.73804 30.238268 47.83667  26.546625 38.98973  30.623781,527.6287,22.97017029,0.38624564,weighted6,24,-0.175782587,0
 5.0019336 62.868706  30.6713    97.653305  38.269955  12.442523 26.561945  35.761185  36.929432  40.275837  16.07879   41.058453 ,554.363,23.54491402,0.4301637,weighted6,24,0.022741063,0
 18.710966   30.59465    34.964306  113.79436    50.910004   10.252644  40.54321    59.740646   34.723698   28.406963    1.8134367  53.490917 ,790.81793,28.12148524,0.5052336,weighted6,24,0.021447614,0
 42.06168   33.415695  12.408836  65.776855  56.00663    2.990484 -16.126684  49.33948   39.514057  47.665756  27.843578  64.76479 ,802.4848,28.32816271,0.45151362,weighted6,24,-0.104842108,0
19.624046  61.956085  16.109104  92.71424   47.205837   8.366611 28.612219  39.259926  16.177998  48.636566   1.3796948 27.267527 ,1052.9481,32.44916209,0.5472636,weighted6,24,-0.102923452,0
 20.33755   41.32159   25.354116 115.0622    49.99549    8.895417  49.188927  27.391363  39.309372  33.35687   25.301373  17.643599,2893.318,53.78957255,0.6233902,weighted6,24,-0.237487357,0
